"","id","title","author","genre","sentence","x","y","DET","NOUN","VERB","ADJ","PROPN","ADP","AUX","CONJ","INTJ","NUM","PRON","SCONJ"
"1","975","Ethics — Part 5","Spinoza, Benedictus de","Philosophy",1,-0.174130851687,0.167271535850412,1,3,1,0,5,1,1,0,0,0,0,0
"2","975","Ethics — Part 5","Spinoza, Benedictus de","Philosophy",2,0,0,0,0,0,0,0,0,0,0,0,0,0,0
"3","975","Ethics — Part 5","Spinoza, Benedictus de","Philosophy",3,0,0,0,0,0,0,0,0,0,0,0,0,0,0
"4","975","Ethics — Part 5","Spinoza, Benedictus de","Philosophy",4,-0.449794796170647,0.101517872207471,4,11,3,2,0,6,2,0,0,0,3,0
"5","975","Ethics — Part 5","Spinoza, Benedictus de","Philosophy",5,-0.449794796170647,0.101517872207471,7,9,3,6,0,4,6,0,0,0,3,0
"6","975","Ethics — Part 5","Spinoza, Benedictus de","Philosophy",6,-0.449794796170647,0.101517872207471,6,9,4,1,0,6,6,0,0,0,3,0
"7","975","Ethics — Part 5","Spinoza, Benedictus de","Philosophy",7,-0.342769012138797,0.443169036671402,4,6,0,2,0,4,0,0,0,0,0,0
"8","975","Ethics — Part 5","Spinoza, Benedictus de","Philosophy",8,-0.385155934855728,0.100951529180474,4,9,3,0,0,6,2,0,0,0,5,0
"9","975","Ethics — Part 5","Spinoza, Benedictus de","Philosophy",9,-0.40953235762669,-0.279272415283618,0,2,2,1,0,1,1,0,0,0,3,1
"10","975","Ethics — Part 5","Spinoza, Benedictus de","Philosophy",10,-0.431291367848997,-0.147915465025439,2,2,3,1,0,1,2,0,0,0,3,2
"11","975","Ethics — Part 5","Spinoza, Benedictus de","Philosophy",11,-0.366131734847411,-0.149800592858762,9,12,7,4,0,5,2,0,0,2,4,2
"12","975","Ethics — Part 5","Spinoza, Benedictus de","Philosophy",12,-0.431291367848997,-0.147915465025439,2,5,7,1,0,5,3,0,0,0,1,1
"13","975","Ethics — Part 5","Spinoza, Benedictus de","Philosophy",13,-0.231742093212042,0.314687847138789,2,3,0,1,0,0,0,0,0,0,0,0
"14","975","Ethics — Part 5","Spinoza, Benedictus de","Philosophy",14,-0.374309591186899,-0.172945044939102,11,15,8,4,2,9,4,0,0,0,4,2
"15","975","Ethics — Part 5","Spinoza, Benedictus de","Philosophy",15,-0.321364099151682,-0.172138701997726,22,25,16,9,6,21,11,0,0,1,10,8
"16","975","Ethics — Part 5","Spinoza, Benedictus de","Philosophy",16,-0.374309591186899,-0.172945044939102,3,4,2,2,2,3,1,0,0,0,1,1
"17","975","Ethics — Part 5","Spinoza, Benedictus de","Philosophy",17,-0.374309591186899,-0.172945044939102,18,24,17,4,1,17,3,0,0,0,4,2
"18","975","Ethics — Part 5","Spinoza, Benedictus de","Philosophy",18,-0.321364099151682,-0.172138701997726,6,12,8,4,3,10,2,0,0,1,6,2
"19","975","Ethics — Part 5","Spinoza, Benedictus de","Philosophy",19,0,0,0,0,0,0,0,0,0,0,0,0,0,0
"20","975","Ethics — Part 5","Spinoza, Benedictus de","Philosophy",20,-0.431291367848997,-0.147915465025439,1,7,1,3,0,2,1,0,0,0,4,2
"21","975","Ethics — Part 5","Spinoza, Benedictus de","Philosophy",21,-0.385155934855728,0.100951529180474,5,11,5,0,0,7,3,0,0,0,3,0
"22","975","Ethics — Part 5","Spinoza, Benedictus de","Philosophy",22,-0.229299876536653,-0.351768650001465,0,3,0,0,0,0,0,0,0,0,1,0
"23","975","Ethics — Part 5","Spinoza, Benedictus de","Philosophy",23,0,0,0,0,0,0,0,0,0,0,0,0,0,0
"24","975","Ethics — Part 5","Spinoza, Benedictus de","Philosophy",24,-0.374309591186899,-0.172945044939102,11,15,10,3,1,9,4,0,0,0,11,2
"25","975","Ethics — Part 5","Spinoza, Benedictus de","Philosophy",25,-0.374177280503657,0.0682179362408691,3,4,5,6,0,5,4,0,0,1,7,0
"26","975","Ethics — Part 5","Spinoza, Benedictus de","Philosophy",26,-0.431291367848997,-0.147915465025439,4,12,14,1,0,5,7,0,0,0,9,2
"27","975","Ethics — Part 5","Spinoza, Benedictus de","Philosophy",27,-0.449794796170647,0.101517872207471,5,8,7,5,0,8,3,0,0,0,8,0
"28","975","Ethics — Part 5","Spinoza, Benedictus de","Philosophy",28,-0.321364099151682,-0.172138701997726,9,16,11,12,1,14,6,0,0,1,7,2
"29","975","Ethics — Part 5","Spinoza, Benedictus de","Philosophy",29,-0.374309591186899,-0.172945044939102,16,26,15,3,6,18,10,0,0,0,12,4
"30","975","Ethics — Part 5","Spinoza, Benedictus de","Philosophy",30,-0.374177280503657,0.0682179362408691,10,12,1,5,0,10,3,0,0,1,2,0
"31","975","Ethics — Part 5","Spinoza, Benedictus de","Philosophy",31,-0.374309591186899,-0.172945044939102,7,6,5,2,1,6,5,0,0,0,3,3
"32","975","Ethics — Part 5","Spinoza, Benedictus de","Philosophy",32,-0.431291367848997,-0.147915465025439,3,3,6,1,0,1,2,0,0,0,6,1
"33","975","Ethics — Part 5","Spinoza, Benedictus de","Philosophy",33,-0.431291367848997,-0.147915465025439,12,13,11,1,0,8,4,0,0,0,6,1
"34","975","Ethics — Part 5","Spinoza, Benedictus de","Philosophy",34,0,0,0,0,0,0,0,0,0,0,0,0,0,0
"35","975","Ethics — Part 5","Spinoza, Benedictus de","Philosophy",35,0,0,0,0,0,0,0,0,0,0,0,0,0,0
"36","975","Ethics — Part 5","Spinoza, Benedictus de","Philosophy",36,-0.366131734847411,-0.149800592858762,3,4,4,3,0,4,3,0,0,3,1,2
"37","975","Ethics — Part 5","Spinoza, Benedictus de","Philosophy",37,0,0,0,0,0,0,0,0,0,0,0,0,0,0
"38","975","Ethics — Part 5","Spinoza, Benedictus de","Philosophy",38,-0.385155934855728,0.100951529180474,4,5,5,0,0,7,2,0,0,0,3,0
"39","975","Ethics — Part 5","Spinoza, Benedictus de","Philosophy",39,-0.605878995238572,0.414084683542767,1,0,0,1,0,1,1,0,0,0,0,0
"40","975","Ethics — Part 5","Spinoza, Benedictus de","Philosophy",40,0,0,0,0,0,0,0,0,0,0,0,0,0,0
"41","975","Ethics — Part 5","Spinoza, Benedictus de","Philosophy",41,0,0,0,0,0,0,0,0,0,0,0,0,0,0
"42","975","Ethics — Part 5","Spinoza, Benedictus de","Philosophy",42,0,0,0,0,0,0,0,0,0,0,0,0,0,0
"43","975","Ethics — Part 5","Spinoza, Benedictus de","Philosophy",43,0,0,0,0,0,0,0,0,0,0,0,0,0,0
"44","975","Ethics — Part 5","Spinoza, Benedictus de","Philosophy",44,-0.327326282715341,0.246954471620054,6,10,4,1,0,7,2,0,0,0,0,0
"45","975","Ethics — Part 5","Spinoza, Benedictus de","Philosophy",45,0,0,0,0,0,0,0,0,0,0,0,0,0,0
"46","975","Ethics — Part 5","Spinoza, Benedictus de","Philosophy",46,-0.339501971425021,0.344780631687233,2,4,0,1,0,1,1,0,0,0,0,0
"47","975","Ethics — Part 5","Spinoza, Benedictus de","Philosophy",47,-0.339501971425021,0.344780631687233,3,7,0,1,0,3,1,0,0,0,0,0
"48","975","Ethics — Part 5","Spinoza, Benedictus de","Philosophy",48,0,0,0,0,0,0,0,0,0,0,0,0,0,0
"49","975","Ethics — Part 5","Spinoza, Benedictus de","Philosophy",49,0,0,0,1,0,0,0,0,0,0,0,0,0,0
"50","975","Ethics — Part 5","Spinoza, Benedictus de","Philosophy",50,-0.177816028165009,0.555920072105386,1,3,0,0,0,2,0,0,0,0,0,0
"51","975","Ethics — Part 5","Spinoza, Benedictus de","Philosophy",51,-0.199973980915491,0.35639597190008,4,10,2,0,0,5,0,0,0,0,0,0
"52","975","Ethics — Part 5","Spinoza, Benedictus de","Philosophy",52,0,0,0,0,0,0,0,0,0,0,0,0,0,0
"53","975","Ethics — Part 5","Spinoza, Benedictus de","Philosophy",53,-0.385155934855728,0.100951529180474,5,11,3,0,0,7,1,0,0,0,1,0
"54","975","Ethics — Part 5","Spinoza, Benedictus de","Philosophy",54,0,0,0,0,0,0,0,0,0,0,0,0,0,0
"55","975","Ethics — Part 5","Spinoza, Benedictus de","Philosophy",55,0,0,0,0,0,0,0,0,0,0,0,0,0,0
"56","975","Ethics — Part 5","Spinoza, Benedictus de","Philosophy",56,0,0,0,0,0,0,0,0,0,0,0,0,0,0
"57","975","Ethics — Part 5","Spinoza, Benedictus de","Philosophy",57,0,0,0,0,0,0,0,0,0,0,0,0,0,0
"58","975","Ethics — Part 5","Spinoza, Benedictus de","Philosophy",58,0,0,0,0,0,0,0,0,0,0,0,0,0,0
"59","975","Ethics — Part 5","Spinoza, Benedictus de","Philosophy",59,-0.431291367848997,-0.147915465025439,7,9,6,4,0,6,2,0,0,0,3,2
"60","975","Ethics — Part 5","Spinoza, Benedictus de","Philosophy",60,0,0,0,0,0,0,0,0,0,0,0,0,0,0
"61","975","Ethics — Part 5","Spinoza, Benedictus de","Philosophy",61,-0.431291367848997,-0.147915465025439,3,6,3,1,0,3,1,0,0,0,1,1
"62","975","Ethics — Part 5","Spinoza, Benedictus de","Philosophy",62,-0.177816028165009,0.555920072105386,1,2,0,0,0,1,0,0,0,0,0,0
"63","975","Ethics — Part 5","Spinoza, Benedictus de","Philosophy",63,0,0,0,0,0,0,0,0,0,0,0,0,0,0
"64","975","Ethics — Part 5","Spinoza, Benedictus de","Philosophy",64,-0.385155934855728,0.100951529180474,4,4,5,0,0,2,3,0,0,0,2,0
"65","975","Ethics — Part 5","Spinoza, Benedictus de","Philosophy",65,0,0,0,0,0,0,0,0,0,0,0,0,0,0
"66","975","Ethics — Part 5","Spinoza, Benedictus de","Philosophy",66,0,0,0,0,0,0,0,0,0,0,0,0,0,0
"67","975","Ethics — Part 5","Spinoza, Benedictus de","Philosophy",67,0,0,0,0,0,0,0,0,0,0,0,0,0,0
"68","975","Ethics — Part 5","Spinoza, Benedictus de","Philosophy",68,0,0,0,0,0,0,0,0,0,0,0,0,0,0
"69","975","Ethics — Part 5","Spinoza, Benedictus de","Philosophy",69,0,0,0,0,0,0,0,0,0,0,0,0,0,0
"70","975","Ethics — Part 5","Spinoza, Benedictus de","Philosophy",70,-0.449794796170647,0.101517872207471,4,6,1,2,0,2,2,0,0,0,2,0
"71","975","Ethics — Part 5","Spinoza, Benedictus de","Philosophy",71,0,0,0,0,0,0,0,0,0,0,0,0,0,0
"72","975","Ethics — Part 5","Spinoza, Benedictus de","Philosophy",72,-0.480352622337932,0.158800239028023,4,3,0,2,0,1,2,0,0,0,1,0
"73","975","Ethics — Part 5","Spinoza, Benedictus de","Philosophy",73,-0.177816028165009,0.555920072105386,1,1,0,0,0,1,0,0,0,0,0,0
"74","975","Ethics — Part 5","Spinoza, Benedictus de","Philosophy",74,-0.431291367848997,-0.147915465025439,4,8,2,3,0,5,3,0,0,0,2,2
"75","975","Ethics — Part 5","Spinoza, Benedictus de","Philosophy",75,0,0,0,0,1,0,0,0,0,0,0,0,0,0
"76","975","Ethics — Part 5","Spinoza, Benedictus de","Philosophy",76,-0.112619990828205,0.137049573520408,2,2,1,0,0,0,2,0,0,0,0,0
"77","975","Ethics — Part 5","Spinoza, Benedictus de","Philosophy",77,0,0,0,0,0,0,0,0,0,0,0,0,0,0
"78","975","Ethics — Part 5","Spinoza, Benedictus de","Philosophy",78,0,0,0,0,0,0,0,0,0,0,0,0,0,0
"79","975","Ethics — Part 5","Spinoza, Benedictus de","Philosophy",79,0,0,0,0,0,0,0,0,0,0,0,0,0,0
"80","975","Ethics — Part 5","Spinoza, Benedictus de","Philosophy",80,0,0,0,0,0,0,0,0,0,0,0,0,0,0
"81","975","Ethics — Part 5","Spinoza, Benedictus de","Philosophy",81,-0.449794796170647,0.101517872207471,2,5,2,4,0,4,2,0,0,0,4,0
"82","975","Ethics — Part 5","Spinoza, Benedictus de","Philosophy",82,0,0,0,0,0,0,0,0,0,0,0,0,0,0
"83","975","Ethics — Part 5","Spinoza, Benedictus de","Philosophy",83,0,0,0,0,0,0,0,0,0,0,0,0,0,0
"84","975","Ethics — Part 5","Spinoza, Benedictus de","Philosophy",84,-0.480352622337932,0.158800239028023,3,6,0,2,0,1,1,0,0,0,2,0
"85","975","Ethics — Part 5","Spinoza, Benedictus de","Philosophy",85,0,0,0,0,0,0,0,0,0,0,0,0,0,0
"86","975","Ethics — Part 5","Spinoza, Benedictus de","Philosophy",86,-0.412118967379244,-0.019664583302824,1,3,1,1,0,0,3,0,0,0,1,0
"87","975","Ethics — Part 5","Spinoza, Benedictus de","Philosophy",87,0,0,0,1,0,0,0,0,0,0,0,0,0,0
"88","975","Ethics — Part 5","Spinoza, Benedictus de","Philosophy",88,0,0,0,0,0,0,1,0,0,0,0,0,0,0
"89","975","Ethics — Part 5","Spinoza, Benedictus de","Philosophy",89,0,0,0,0,0,0,0,0,0,0,0,0,0,0
"90","975","Ethics — Part 5","Spinoza, Benedictus de","Philosophy",90,0.0250781774550588,0.448088514767171,0,1,0,0,0,1,0,0,0,0,0,0
"91","975","Ethics — Part 5","Spinoza, Benedictus de","Philosophy",91,-0.480352622337932,0.158800239028023,3,6,0,2,0,1,1,0,0,0,2,0
"92","975","Ethics — Part 5","Spinoza, Benedictus de","Philosophy",92,0,0,0,0,0,0,0,0,0,0,0,0,0,0
"93","975","Ethics — Part 5","Spinoza, Benedictus de","Philosophy",93,0,0,0,0,0,0,0,0,0,0,0,0,0,0
"94","975","Ethics — Part 5","Spinoza, Benedictus de","Philosophy",94,0,0,0,0,0,0,0,0,0,0,0,0,0,0
"95","975","Ethics — Part 5","Spinoza, Benedictus de","Philosophy",95,0,0,0,0,0,0,0,0,0,0,0,0,0,0
"96","975","Ethics — Part 5","Spinoza, Benedictus de","Philosophy",96,-0.396354453410416,-0.287419475067536,2,5,1,2,0,0,1,0,0,0,3,1
"97","975","Ethics — Part 5","Spinoza, Benedictus de","Philosophy",97,-0.339501971425021,0.344780631687233,5,4,0,1,0,4,1,0,0,0,0,0
"98","975","Ethics — Part 5","Spinoza, Benedictus de","Philosophy",98,-0.225265946446377,0.275362179870175,2,1,2,0,0,2,1,0,0,0,0,0
"99","975","Ethics — Part 5","Spinoza, Benedictus de","Philosophy",99,-0.240418529700765,0.175471803175132,1,1,1,2,0,0,0,0,0,0,0,0
"100","975","Ethics — Part 5","Spinoza, Benedictus de","Philosophy",100,0,0,0,0,0,0,0,0,0,0,0,0,0,0
"101","975","Ethics — Part 5","Spinoza, Benedictus de","Philosophy",101,-0.373243282675973,-0.184034235796137,1,2,2,0,0,1,2,0,0,0,4,1
"102","975","Ethics — Part 5","Spinoza, Benedictus de","Philosophy",102,-0.431291367848997,-0.147915465025439,2,2,2,1,0,2,1,0,0,0,3,1
"103","975","Ethics — Part 5","Spinoza, Benedictus de","Philosophy",103,-0.431291367848997,-0.147915465025439,2,6,3,1,0,5,2,0,0,0,7,3
"104","975","Ethics — Part 5","Spinoza, Benedictus de","Philosophy",104,-0.431291367848997,-0.147915465025439,8,15,11,6,0,9,8,0,0,0,7,3
"105","975","Ethics — Part 5","Spinoza, Benedictus de","Philosophy",105,-0.296440823868428,-0.145474658482641,0,0,1,0,0,0,3,0,0,0,0,0
"106","975","Ethics — Part 5","Spinoza, Benedictus de","Philosophy",106,-0.431291367848997,-0.147915465025439,1,6,2,3,0,2,3,0,0,0,1,1
"107","975","Ethics — Part 5","Spinoza, Benedictus de","Philosophy",107,0,0,0,0,0,0,0,0,0,0,0,0,0,0
"108","975","Ethics — Part 5","Spinoza, Benedictus de","Philosophy",108,-0.366131734847411,-0.149800592858762,3,2,3,3,0,3,7,0,0,1,4,2
"109","975","Ethics — Part 5","Spinoza, Benedictus de","Philosophy",109,-0.40953235762669,-0.279272415283618,0,5,5,3,0,2,1,0,0,0,4,2
"110","975","Ethics — Part 5","Spinoza, Benedictus de","Philosophy",110,-0.373243282675973,-0.184034235796137,6,16,4,0,0,6,6,0,0,0,5,1
"111","975","Ethics — Part 5","Spinoza, Benedictus de","Philosophy",111,0,0,0,0,0,0,0,0,0,0,0,0,0,0
"112","975","Ethics — Part 5","Spinoza, Benedictus de","Philosophy",112,0,0,0,0,0,0,0,0,0,0,0,0,0,0
"113","975","Ethics — Part 5","Spinoza, Benedictus de","Philosophy",113,-0.0558109201154897,0.0862401773172753,0,1,0,1,0,0,0,0,0,0,0,0
"114","975","Ethics — Part 5","Spinoza, Benedictus de","Philosophy",114,-0.449794796170647,0.101517872207471,2,8,5,2,0,6,3,0,0,0,2,0
"115","975","Ethics — Part 5","Spinoza, Benedictus de","Philosophy",115,-0.449794796170647,0.101517872207471,2,5,4,1,0,5,2,0,0,0,1,0
"116","975","Ethics — Part 5","Spinoza, Benedictus de","Philosophy",116,0,0,0,0,0,0,0,0,0,0,0,0,0,0
"117","975","Ethics — Part 5","Spinoza, Benedictus de","Philosophy",117,-0.449794796170647,0.101517872207471,4,6,4,3,0,5,3,0,0,0,5,0
"118","975","Ethics — Part 5","Spinoza, Benedictus de","Philosophy",118,-0.431291367848997,-0.147915465025439,2,3,5,2,0,4,1,0,0,0,1,1
"119","975","Ethics — Part 5","Spinoza, Benedictus de","Philosophy",119,0,0,0,0,0,0,0,0,0,0,0,0,0,0
"120","975","Ethics — Part 5","Spinoza, Benedictus de","Philosophy",120,0,0,0,0,0,0,0,0,0,0,0,0,0,0
"121","975","Ethics — Part 5","Spinoza, Benedictus de","Philosophy",121,0,0,0,0,0,0,0,0,0,0,0,0,0,0
"122","975","Ethics — Part 5","Spinoza, Benedictus de","Philosophy",122,-0.449794796170647,0.101517872207471,3,4,1,7,0,5,2,0,0,0,2,0
"123","975","Ethics — Part 5","Spinoza, Benedictus de","Philosophy",123,0,0,0,0,0,0,0,0,0,0,0,0,0,0
"124","975","Ethics — Part 5","Spinoza, Benedictus de","Philosophy",124,-0.374177280503657,0.0682179362408691,2,3,2,3,0,3,3,0,0,1,4,0
"125","975","Ethics — Part 5","Spinoza, Benedictus de","Philosophy",125,-0.347229999342365,-0.0295111181009035,0,2,1,3,0,3,0,0,0,1,2,0
"126","975","Ethics — Part 5","Spinoza, Benedictus de","Philosophy",126,0,0,0,0,0,0,0,0,0,0,0,0,0,0
"127","975","Ethics — Part 5","Spinoza, Benedictus de","Philosophy",127,-0.431291367848997,-0.147915465025439,2,5,3,2,0,4,5,0,0,0,4,1
"128","975","Ethics — Part 5","Spinoza, Benedictus de","Philosophy",128,-0.374177280503657,0.0682179362408691,4,4,2,7,0,4,4,0,0,1,6,0
"129","975","Ethics — Part 5","Spinoza, Benedictus de","Philosophy",129,0,0,0,0,0,0,0,0,0,0,0,0,0,0
"130","975","Ethics — Part 5","Spinoza, Benedictus de","Philosophy",130,0,0,0,0,0,0,0,0,0,0,0,0,0,0
"131","975","Ethics — Part 5","Spinoza, Benedictus de","Philosophy",131,0,0,0,0,0,0,0,0,0,0,0,0,0,0
"132","975","Ethics — Part 5","Spinoza, Benedictus de","Philosophy",132,0,0,0,0,0,0,0,0,0,0,0,0,0,0
"133","975","Ethics — Part 5","Spinoza, Benedictus de","Philosophy",133,0,0,0,0,0,0,0,0,0,0,0,0,0,0
"134","975","Ethics — Part 5","Spinoza, Benedictus de","Philosophy",134,-0.383377368885581,0.0421804276504867,3,5,1,3,1,4,2,0,0,0,1,0
"135","975","Ethics — Part 5","Spinoza, Benedictus de","Philosophy",135,0,0,0,0,0,0,0,0,0,0,0,0,0,0
"136","975","Ethics — Part 5","Spinoza, Benedictus de","Philosophy",136,-0.412118967379244,-0.019664583302824,2,3,1,1,0,0,1,0,0,0,1,0
"137","975","Ethics — Part 5","Spinoza, Benedictus de","Philosophy",137,-0.431291367848997,-0.147915465025439,3,8,4,2,0,4,2,0,0,0,3,1
"138","975","Ethics — Part 5","Spinoza, Benedictus de","Philosophy",138,-0.470354960770769,0.12656634895029,1,2,1,1,0,1,0,0,0,0,1,0
"139","975","Ethics — Part 5","Spinoza, Benedictus de","Philosophy",139,0,0,0,0,0,0,0,0,0,0,0,0,0,0
"140","975","Ethics — Part 5","Spinoza, Benedictus de","Philosophy",140,0,0,0,0,0,0,0,0,0,0,0,0,0,0
"141","975","Ethics — Part 5","Spinoza, Benedictus de","Philosophy",141,0,0,0,0,0,0,0,0,0,0,0,0,0,0
"142","975","Ethics — Part 5","Spinoza, Benedictus de","Philosophy",142,0,0,0,0,0,0,0,0,0,0,0,0,0,0
"143","975","Ethics — Part 5","Spinoza, Benedictus de","Philosophy",143,-0.431291367848997,-0.147915465025439,6,7,3,5,0,3,3,0,0,0,2,1
"144","975","Ethics — Part 5","Spinoza, Benedictus de","Philosophy",144,-0.431291367848997,-0.147915465025439,5,4,7,1,0,6,4,0,0,0,4,2
"145","975","Ethics — Part 5","Spinoza, Benedictus de","Philosophy",145,-0.366131734847411,-0.149800592858762,2,6,4,1,0,2,1,0,0,1,4,3
"146","975","Ethics — Part 5","Spinoza, Benedictus de","Philosophy",146,-0.366131734847411,-0.149800592858762,5,12,3,6,0,6,5,0,0,1,3,3
"147","975","Ethics — Part 5","Spinoza, Benedictus de","Philosophy",147,0,0,0,0,0,0,0,0,0,0,0,0,0,0
"148","975","Ethics — Part 5","Spinoza, Benedictus de","Philosophy",148,0,0,0,0,0,0,0,0,0,0,0,0,0,0
"149","975","Ethics — Part 5","Spinoza, Benedictus de","Philosophy",149,-0.431291367848997,-0.147915465025439,1,6,4,3,0,4,3,0,0,0,4,2
"150","975","Ethics — Part 5","Spinoza, Benedictus de","Philosophy",150,0,0,0,0,0,0,0,0,0,0,0,0,0,0
"151","975","Ethics — Part 5","Spinoza, Benedictus de","Philosophy",151,-0.385155934855728,0.100951529180474,6,11,5,0,0,7,2,0,0,0,3,0
"152","975","Ethics — Part 5","Spinoza, Benedictus de","Philosophy",152,0,0,0,0,0,0,0,0,0,0,0,0,0,0
"153","975","Ethics — Part 5","Spinoza, Benedictus de","Philosophy",153,-0.385155934855728,0.100951529180474,5,10,3,0,0,3,2,0,0,0,3,0
"154","975","Ethics — Part 5","Spinoza, Benedictus de","Philosophy",154,-0.449794796170647,0.101517872207471,5,6,3,2,0,5,2,0,0,0,2,0
"155","975","Ethics — Part 5","Spinoza, Benedictus de","Philosophy",155,0,0,0,0,0,0,0,0,0,0,0,0,0,0
"156","975","Ethics — Part 5","Spinoza, Benedictus de","Philosophy",156,-0.449794796170647,0.101517872207471,3,5,2,1,0,2,1,0,0,0,1,0
"157","975","Ethics — Part 5","Spinoza, Benedictus de","Philosophy",157,0.0250781774550588,0.448088514767171,0,2,0,0,0,2,0,0,0,0,0,0
"158","975","Ethics — Part 5","Spinoza, Benedictus de","Philosophy",158,0,0,0,0,0,0,0,0,0,0,0,0,0,0
"159","975","Ethics — Part 5","Spinoza, Benedictus de","Philosophy",159,0,0,0,0,0,0,0,0,0,0,0,0,0,0
"160","975","Ethics — Part 5","Spinoza, Benedictus de","Philosophy",160,-0.449794796170647,0.101517872207471,1,4,2,3,0,3,2,0,0,0,7,0
"161","975","Ethics — Part 5","Spinoza, Benedictus de","Philosophy",161,0,0,0,0,0,0,0,0,0,0,0,0,0,0
"162","975","Ethics — Part 5","Spinoza, Benedictus de","Philosophy",162,-0.327326282715341,0.246954471620054,3,3,1,1,0,1,1,0,0,0,0,0
"163","975","Ethics — Part 5","Spinoza, Benedictus de","Philosophy",163,0,0,0,0,0,0,0,0,0,0,0,0,0,0
"164","975","Ethics — Part 5","Spinoza, Benedictus de","Philosophy",164,-0.374309591186899,-0.172945044939102,3,6,4,7,1,2,6,0,0,0,7,1
"165","975","Ethics — Part 5","Spinoza, Benedictus de","Philosophy",165,0,0,0,0,0,0,0,0,0,0,0,0,0,0
"166","975","Ethics — Part 5","Spinoza, Benedictus de","Philosophy",166,0,0,0,0,0,0,0,0,0,0,0,0,0,0
"167","975","Ethics — Part 5","Spinoza, Benedictus de","Philosophy",167,0,0,0,0,0,0,0,0,0,0,0,0,0,0
"168","975","Ethics — Part 5","Spinoza, Benedictus de","Philosophy",168,0,0,0,0,0,0,0,0,0,0,0,0,0,0
"169","975","Ethics — Part 5","Spinoza, Benedictus de","Philosophy",169,0,0,0,0,0,0,0,0,0,0,0,0,0,0
"170","975","Ethics — Part 5","Spinoza, Benedictus de","Philosophy",170,-0.449794796170647,0.101517872207471,2,4,1,3,0,2,2,0,0,0,1,0
"171","975","Ethics — Part 5","Spinoza, Benedictus de","Philosophy",171,0,0,0,0,0,0,0,0,0,0,0,0,0,0
"172","975","Ethics — Part 5","Spinoza, Benedictus de","Philosophy",172,-0.339501971425021,0.344780631687233,1,2,0,5,0,1,1,0,0,0,0,0
"173","975","Ethics — Part 5","Spinoza, Benedictus de","Philosophy",173,0.199786157629631,0.00939571800782808,0,1,0,0,0,0,1,0,0,0,0,0
"174","975","Ethics — Part 5","Spinoza, Benedictus de","Philosophy",174,-0.449794796170647,0.101517872207471,2,4,3,2,0,2,1,0,0,0,1,0
"175","975","Ethics — Part 5","Spinoza, Benedictus de","Philosophy",175,0,0,0,0,0,0,0,0,0,0,0,0,0,0
"176","975","Ethics — Part 5","Spinoza, Benedictus de","Philosophy",176,0,0,0,0,0,0,0,0,0,0,0,0,0,0
"177","975","Ethics — Part 5","Spinoza, Benedictus de","Philosophy",177,0,0,0,0,0,0,0,0,0,0,0,0,0,0
"178","975","Ethics — Part 5","Spinoza, Benedictus de","Philosophy",178,0,0,0,0,0,0,0,0,0,0,0,0,0,0
"179","975","Ethics — Part 5","Spinoza, Benedictus de","Philosophy",179,-0.339501971425021,0.344780631687233,1,2,0,1,0,1,2,0,0,0,0,0
"180","975","Ethics — Part 5","Spinoza, Benedictus de","Philosophy",180,0,0,0,0,0,0,0,0,0,0,0,0,0,0
"181","975","Ethics — Part 5","Spinoza, Benedictus de","Philosophy",181,0,0,0,0,0,0,0,0,0,0,0,0,0,0
"182","975","Ethics — Part 5","Spinoza, Benedictus de","Philosophy",182,0,0,0,0,0,0,0,0,0,0,0,0,0,0
"183","975","Ethics — Part 5","Spinoza, Benedictus de","Philosophy",183,-0.374309591186899,-0.172945044939102,6,9,2,13,1,5,4,0,0,0,6,1
"184","975","Ethics — Part 5","Spinoza, Benedictus de","Philosophy",184,0,0,0,0,0,0,0,0,0,0,0,0,0,0
"185","975","Ethics — Part 5","Spinoza, Benedictus de","Philosophy",185,-0.449794796170647,0.101517872207471,2,5,1,3,0,3,2,0,0,0,1,0
"186","975","Ethics — Part 5","Spinoza, Benedictus de","Philosophy",186,0,0,0,2,0,0,0,0,0,0,0,0,0,0
"187","975","Ethics — Part 5","Spinoza, Benedictus de","Philosophy",187,-0.366131734847411,-0.149800592858762,8,9,3,9,0,7,4,0,0,1,4,1
"188","975","Ethics — Part 5","Spinoza, Benedictus de","Philosophy",188,-0.511136385091535,0.200314884483516,1,5,0,1,0,2,0,0,0,0,1,0
"189","975","Ethics — Part 5","Spinoza, Benedictus de","Philosophy",189,-0.0720971614189397,0.218000233606167,0,1,2,0,0,1,0,0,0,0,0,0
"190","975","Ethics — Part 5","Spinoza, Benedictus de","Philosophy",190,-0.449794796170647,0.101517872207471,7,10,3,7,0,8,2,0,0,0,5,0
"191","975","Ethics — Part 5","Spinoza, Benedictus de","Philosophy",191,0.0712008422120181,0.419573805523458,1,2,0,0,0,0,0,0,0,0,0,0
"192","975","Ethics — Part 5","Spinoza, Benedictus de","Philosophy",192,-0.480352622337932,0.158800239028023,1,2,0,4,0,4,2,0,0,0,2,0
"193","975","Ethics — Part 5","Spinoza, Benedictus de","Philosophy",193,0,0,0,0,0,0,0,0,0,0,0,0,0,0
"194","975","Ethics — Part 5","Spinoza, Benedictus de","Philosophy",194,0,0,0,0,0,0,0,0,0,0,0,0,0,0
"195","975","Ethics — Part 5","Spinoza, Benedictus de","Philosophy",195,0,0,0,0,0,0,0,0,0,0,0,0,0,0
"196","975","Ethics — Part 5","Spinoza, Benedictus de","Philosophy",196,0,0,0,0,0,0,0,0,0,0,0,0,0,0
"197","975","Ethics — Part 5","Spinoza, Benedictus de","Philosophy",197,0,0,0,0,0,0,0,0,0,0,0,0,0,0
"198","975","Ethics — Part 5","Spinoza, Benedictus de","Philosophy",198,-0.449794796170647,0.101517872207471,3,6,5,3,0,4,1,0,0,0,4,0
"199","975","Ethics — Part 5","Spinoza, Benedictus de","Philosophy",199,0,0,0,0,0,0,0,0,0,0,0,0,0,0
"200","975","Ethics — Part 5","Spinoza, Benedictus de","Philosophy",200,-0.418005555784329,-0.294959999459485,1,4,0,1,0,0,2,0,0,0,2,1
"201","975","Ethics — Part 5","Spinoza, Benedictus de","Philosophy",201,-0.480352622337932,0.158800239028023,1,5,0,2,0,3,2,0,0,0,2,0
"202","975","Ethics — Part 5","Spinoza, Benedictus de","Philosophy",202,0,0,0,0,0,0,0,0,0,0,0,0,0,0
"203","975","Ethics — Part 5","Spinoza, Benedictus de","Philosophy",203,-0.449794796170647,0.101517872207471,1,8,2,2,0,2,1,0,0,0,3,0
"204","975","Ethics — Part 5","Spinoza, Benedictus de","Philosophy",204,-0.374177280503657,0.0682179362408691,1,3,2,3,0,1,2,0,0,1,2,0
"205","975","Ethics — Part 5","Spinoza, Benedictus de","Philosophy",205,0,0,0,0,0,0,0,0,0,0,0,0,0,0
"206","975","Ethics — Part 5","Spinoza, Benedictus de","Philosophy",206,0,0,0,0,0,0,0,0,0,0,0,0,0,0
"207","975","Ethics — Part 5","Spinoza, Benedictus de","Philosophy",207,0,0,0,1,0,0,0,0,0,0,0,0,0,0
"208","975","Ethics — Part 5","Spinoza, Benedictus de","Philosophy",208,-0.470354960770769,0.12656634895029,4,6,4,2,0,3,0,0,0,0,1,0
"209","975","Ethics — Part 5","Spinoza, Benedictus de","Philosophy",209,0,0,0,0,0,0,0,0,0,0,0,0,0,0
"210","975","Ethics — Part 5","Spinoza, Benedictus de","Philosophy",210,0,0,0,0,0,0,0,0,0,0,0,0,0,0
"211","975","Ethics — Part 5","Spinoza, Benedictus de","Philosophy",211,0,0,0,0,0,0,0,0,0,0,0,0,0,0
"212","975","Ethics — Part 5","Spinoza, Benedictus de","Philosophy",212,0,0,0,0,0,0,0,0,0,0,0,0,0,0
"213","975","Ethics — Part 5","Spinoza, Benedictus de","Philosophy",213,-0.385155934855728,0.100951529180474,2,5,3,0,0,4,2,0,0,0,2,0
"214","975","Ethics — Part 5","Spinoza, Benedictus de","Philosophy",214,-0.0920924845532669,0.282468013761633,0,1,0,0,0,1,1,0,0,0,0,0
"215","975","Ethics — Part 5","Spinoza, Benedictus de","Philosophy",215,-0.449794796170647,0.101517872207471,3,3,6,3,0,2,3,0,0,0,2,0
"216","975","Ethics — Part 5","Spinoza, Benedictus de","Philosophy",216,-0.431291367848997,-0.147915465025439,4,13,7,6,0,4,7,0,0,0,10,2
"217","975","Ethics — Part 5","Spinoza, Benedictus de","Philosophy",217,-0.470354960770769,0.12656634895029,1,5,1,1,0,4,0,0,0,0,1,0
"218","975","Ethics — Part 5","Spinoza, Benedictus de","Philosophy",218,-0.28035343774739,-0.197300863786216,0,4,4,1,0,3,2,0,0,0,0,1
"219","975","Ethics — Part 5","Spinoza, Benedictus de","Philosophy",219,-0.431291367848997,-0.147915465025439,6,12,8,7,0,13,9,0,0,0,7,1
"220","975","Ethics — Part 5","Spinoza, Benedictus de","Philosophy",220,0,0,0,0,0,0,0,0,0,0,0,0,0,0
"221","975","Ethics — Part 5","Spinoza, Benedictus de","Philosophy",221,-0.431291367848997,-0.147915465025439,4,11,3,5,0,6,1,0,0,0,4,3
"222","975","Ethics — Part 5","Spinoza, Benedictus de","Philosophy",222,-0.374309591186899,-0.172945044939102,9,14,6,9,1,9,6,0,0,0,8,4
"223","975","Ethics — Part 5","Spinoza, Benedictus de","Philosophy",223,-0.27847635442999,0.238079992913587,0,1,0,1,0,2,2,0,0,0,0,0
"224","975","Ethics — Part 5","Spinoza, Benedictus de","Philosophy",224,0.199786157629631,0.00939571800782808,0,1,0,0,0,0,1,0,0,0,0,0
"225","975","Ethics — Part 5","Spinoza, Benedictus de","Philosophy",225,0.199786157629631,0.00939571800782808,0,1,0,0,0,0,1,0,0,0,0,0
"226","975","Ethics — Part 5","Spinoza, Benedictus de","Philosophy",226,-0.449794796170647,0.101517872207471,4,9,9,2,0,9,4,0,0,0,3,0
"227","975","Ethics — Part 5","Spinoza, Benedictus de","Philosophy",227,-0.431291367848997,-0.147915465025439,1,9,1,1,0,3,3,0,0,0,4,2
"228","975","Ethics — Part 5","Spinoza, Benedictus de","Philosophy",228,0,0,0,0,0,0,0,0,0,0,0,0,0,0
"229","975","Ethics — Part 5","Spinoza, Benedictus de","Philosophy",229,0,0,0,1,0,0,0,0,0,0,0,0,0,0
"230","975","Ethics — Part 5","Spinoza, Benedictus de","Philosophy",230,-0.373243282675973,-0.184034235796137,1,4,1,0,0,3,2,0,0,0,1,1
"231","975","Ethics — Part 5","Spinoza, Benedictus de","Philosophy",231,-0.431291367848997,-0.147915465025439,4,5,7,1,0,5,4,0,0,0,7,2
"232","975","Ethics — Part 5","Spinoza, Benedictus de","Philosophy",232,-0.449794796170647,0.101517872207471,7,15,7,2,0,11,2,0,0,0,7,0
"233","975","Ethics — Part 5","Spinoza, Benedictus de","Philosophy",233,-0.431291367848997,-0.147915465025439,6,5,1,2,0,4,2,0,0,0,4,1
"234","975","Ethics — Part 5","Spinoza, Benedictus de","Philosophy",234,-0.449794796170647,0.101517872207471,3,2,2,4,0,2,4,0,0,0,2,0
"235","975","Ethics — Part 5","Spinoza, Benedictus de","Philosophy",235,-0.431291367848997,-0.147915465025439,5,10,2,4,0,7,3,0,0,0,5,1
"236","975","Ethics — Part 5","Spinoza, Benedictus de","Philosophy",236,-0.383377368885581,0.0421804276504867,5,8,5,3,2,6,2,0,0,0,7,0
"237","975","Ethics — Part 5","Spinoza, Benedictus de","Philosophy",237,-0.383377368885581,0.0421804276504867,7,18,4,4,1,13,3,0,0,0,10,0
"238","975","Ethics — Part 5","Spinoza, Benedictus de","Philosophy",238,-0.449794796170647,0.101517872207471,4,8,2,4,0,4,4,0,0,0,2,0
"239","975","Ethics — Part 5","Spinoza, Benedictus de","Philosophy",239,0,0,0,0,0,0,0,0,0,0,0,0,0,0
"240","975","Ethics — Part 5","Spinoza, Benedictus de","Philosophy",240,0,0,0,0,0,0,0,0,0,0,0,0,0,0
"241","975","Ethics — Part 5","Spinoza, Benedictus de","Philosophy",241,-0.449794796170647,0.101517872207471,2,4,2,7,0,2,2,0,0,0,1,0
"242","975","Ethics — Part 5","Spinoza, Benedictus de","Philosophy",242,0,0,0,0,0,0,0,0,0,0,0,0,0,0
"243","975","Ethics — Part 5","Spinoza, Benedictus de","Philosophy",243,-0.383377368885581,0.0421804276504867,6,11,5,7,1,7,7,0,0,0,3,0
"244","975","Ethics — Part 5","Spinoza, Benedictus de","Philosophy",244,-0.231742093212042,0.314687847138789,1,2,0,1,0,0,0,0,0,0,0,0
"245","975","Ethics — Part 5","Spinoza, Benedictus de","Philosophy",245,0,0,0,0,0,0,0,0,0,0,0,0,0,0
"246","975","Ethics — Part 5","Spinoza, Benedictus de","Philosophy",246,0,0,0,0,0,0,0,0,0,0,0,0,0,0
"247","975","Ethics — Part 5","Spinoza, Benedictus de","Philosophy",247,0,0,0,0,0,0,0,0,0,0,0,0,0,0
"248","975","Ethics — Part 5","Spinoza, Benedictus de","Philosophy",248,0,0,0,0,0,0,0,0,0,0,0,0,0,0
"249","975","Ethics — Part 5","Spinoza, Benedictus de","Philosophy",249,0,0,0,0,0,0,0,0,0,0,0,0,0,0
"250","975","Ethics — Part 5","Spinoza, Benedictus de","Philosophy",250,-0.449794796170647,0.101517872207471,2,5,3,2,0,4,1,0,0,0,2,0
"251","975","Ethics — Part 5","Spinoza, Benedictus de","Philosophy",251,0,0,0,0,0,0,0,0,0,0,0,0,0,0
"252","975","Ethics — Part 5","Spinoza, Benedictus de","Philosophy",252,-0.449794796170647,0.101517872207471,1,6,2,1,0,2,1,0,0,0,2,0
"253","975","Ethics — Part 5","Spinoza, Benedictus de","Philosophy",253,0,0,0,0,0,0,0,0,0,0,0,0,0,0
"254","975","Ethics — Part 5","Spinoza, Benedictus de","Philosophy",254,0,0,0,1,0,0,0,0,0,0,0,0,0,0
"255","975","Ethics — Part 5","Spinoza, Benedictus de","Philosophy",255,-0.537992764024245,0.282832481091045,1,0,1,1,0,1,1,0,0,0,0,0
"256","975","Ethics — Part 5","Spinoza, Benedictus de","Philosophy",256,-0.741132862262162,-0.0199373793362937,0,0,1,1,0,1,0,0,0,0,1,0
"257","975","Ethics — Part 5","Spinoza, Benedictus de","Philosophy",257,-0.431291367848997,-0.147915465025439,1,4,2,3,0,5,2,0,0,0,3,1
"258","975","Ethics — Part 5","Spinoza, Benedictus de","Philosophy",258,-0.431291367848997,-0.147915465025439,5,4,2,2,0,6,2,0,0,0,1,1
"259","975","Ethics — Part 5","Spinoza, Benedictus de","Philosophy",259,0,0,0,0,0,0,0,0,0,0,0,0,0,0
"260","975","Ethics — Part 5","Spinoza, Benedictus de","Philosophy",260,0,0,0,0,0,0,0,0,0,0,0,0,0,0
"261","975","Ethics — Part 5","Spinoza, Benedictus de","Philosophy",261,0,0,0,0,0,0,0,0,0,0,0,0,0,0
"262","975","Ethics — Part 5","Spinoza, Benedictus de","Philosophy",262,0,0,0,0,0,0,0,0,0,0,0,0,0,0
"263","975","Ethics — Part 5","Spinoza, Benedictus de","Philosophy",263,0,0,0,0,0,0,0,0,0,0,0,0,0,0
"264","975","Ethics — Part 5","Spinoza, Benedictus de","Philosophy",264,-0.449794796170647,0.101517872207471,2,4,1,5,0,4,2,0,0,0,1,0
"265","975","Ethics — Part 5","Spinoza, Benedictus de","Philosophy",265,0,0,0,0,0,0,0,0,0,0,0,0,0,0
"266","975","Ethics — Part 5","Spinoza, Benedictus de","Philosophy",266,-0.327326282715341,0.246954471620054,2,5,1,2,0,4,1,0,0,0,0,0
"267","975","Ethics — Part 5","Spinoza, Benedictus de","Philosophy",267,-0.377821872974064,-0.177914137319752,0,1,1,1,0,0,3,0,0,0,2,0
"268","975","Ethics — Part 5","Spinoza, Benedictus de","Philosophy",268,0,0,0,0,0,0,0,0,0,0,0,0,0,0
"269","975","Ethics — Part 5","Spinoza, Benedictus de","Philosophy",269,0,0,0,0,0,0,0,0,0,0,0,0,0,0
"270","975","Ethics — Part 5","Spinoza, Benedictus de","Philosophy",270,0,0,0,0,0,0,0,0,0,0,0,0,0,0
"271","975","Ethics — Part 5","Spinoza, Benedictus de","Philosophy",271,0,0,0,0,0,0,0,0,0,0,0,0,0,0
"272","975","Ethics — Part 5","Spinoza, Benedictus de","Philosophy",272,0,0,0,0,0,0,0,0,0,0,0,0,0,0
"273","975","Ethics — Part 5","Spinoza, Benedictus de","Philosophy",273,-0.316394794577742,-0.207677666852671,3,5,2,0,1,3,3,0,0,0,1,1
"274","975","Ethics — Part 5","Spinoza, Benedictus de","Philosophy",274,0,0,0,0,0,0,0,0,0,0,0,0,0,0
"275","975","Ethics — Part 5","Spinoza, Benedictus de","Philosophy",275,-0.480352622337932,0.158800239028023,4,7,0,2,0,1,3,0,0,0,1,0
"276","975","Ethics — Part 5","Spinoza, Benedictus de","Philosophy",276,-0.316394794577742,-0.207677666852671,2,2,2,0,1,2,3,0,0,0,4,1
"277","975","Ethics — Part 5","Spinoza, Benedictus de","Philosophy",277,0,0,0,0,0,0,0,0,0,0,0,0,0,0
"278","975","Ethics — Part 5","Spinoza, Benedictus de","Philosophy",278,0,0,0,0,0,0,0,0,0,0,0,0,0,0
"279","975","Ethics — Part 5","Spinoza, Benedictus de","Philosophy",279,0,0,0,0,0,0,0,0,0,0,0,0,0,0
"280","975","Ethics — Part 5","Spinoza, Benedictus de","Philosophy",280,0,0,0,0,0,0,0,0,0,0,0,0,0,0
"281","975","Ethics — Part 5","Spinoza, Benedictus de","Philosophy",281,0,0,0,0,0,0,0,0,0,0,0,0,0,0
"282","975","Ethics — Part 5","Spinoza, Benedictus de","Philosophy",282,0,0,0,0,0,0,0,0,0,0,0,0,0,0
"283","975","Ethics — Part 5","Spinoza, Benedictus de","Philosophy",283,-0.39151216321639,0.0551737727790481,1,3,3,2,1,2,0,0,0,0,7,0
"284","975","Ethics — Part 5","Spinoza, Benedictus de","Philosophy",284,0,0,0,0,0,0,0,0,0,0,0,0,0,0
"285","975","Ethics — Part 5","Spinoza, Benedictus de","Philosophy",285,-0.241682530746748,-0.31523787623959,0,3,2,0,0,0,0,0,0,0,4,0
"286","975","Ethics — Part 5","Spinoza, Benedictus de","Philosophy",286,-0.327326282715341,0.246954471620054,2,1,1,1,0,1,1,0,0,0,0,0
"287","975","Ethics — Part 5","Spinoza, Benedictus de","Philosophy",287,-0.143670260310416,0.210480440670383,1,1,1,0,1,2,0,0,0,0,0,0
"288","975","Ethics — Part 5","Spinoza, Benedictus de","Philosophy",288,-0.177816028165009,0.555920072105386,1,2,0,0,0,1,0,0,0,0,0,0
"289","975","Ethics — Part 5","Spinoza, Benedictus de","Philosophy",289,-0.323179976668682,0.0276668492409989,3,3,2,4,1,3,0,0,0,1,3,0
"290","975","Ethics — Part 5","Spinoza, Benedictus de","Philosophy",290,0,0,0,0,0,0,0,0,0,0,0,0,0,0
"291","975","Ethics — Part 5","Spinoza, Benedictus de","Philosophy",291,0,0,0,0,0,0,0,0,0,0,0,0,0,0
"292","975","Ethics — Part 5","Spinoza, Benedictus de","Philosophy",292,0,0,0,0,0,0,0,0,0,0,0,0,0,0
"293","975","Ethics — Part 5","Spinoza, Benedictus de","Philosophy",293,0,0,0,0,0,0,0,0,0,0,0,0,0,0
"294","975","Ethics — Part 5","Spinoza, Benedictus de","Philosophy",294,0,0,0,0,0,0,0,0,0,0,0,0,0,0
"295","975","Ethics — Part 5","Spinoza, Benedictus de","Philosophy",295,-0.174130851687,0.167271535850412,3,3,2,0,1,2,1,0,0,0,0,0
"296","975","Ethics — Part 5","Spinoza, Benedictus de","Philosophy",296,0,0,0,0,0,0,0,0,0,0,0,0,0,0
"297","975","Ethics — Part 5","Spinoza, Benedictus de","Philosophy",297,-0.225265946446377,0.275362179870175,4,3,2,0,0,3,2,0,0,0,0,0
"298","975","Ethics — Part 5","Spinoza, Benedictus de","Philosophy",298,-0.60738834659271,0.107628950163549,1,0,1,0,0,1,3,0,0,0,1,0
"299","975","Ethics — Part 5","Spinoza, Benedictus de","Philosophy",299,0.199786157629631,0.00939571800782808,0,1,0,0,0,0,1,0,0,0,0,0
"300","975","Ethics — Part 5","Spinoza, Benedictus de","Philosophy",300,-0.385155934855728,0.100951529180474,2,3,1,0,0,1,1,0,0,0,1,0
"301","975","Ethics — Part 5","Spinoza, Benedictus de","Philosophy",301,0,0,0,0,0,0,0,0,0,0,0,0,0,0
"302","975","Ethics — Part 5","Spinoza, Benedictus de","Philosophy",302,0,0,0,0,0,0,0,0,0,0,0,0,0,0
"303","975","Ethics — Part 5","Spinoza, Benedictus de","Philosophy",303,0,0,0,0,0,0,0,0,0,0,0,0,0,0
"304","975","Ethics — Part 5","Spinoza, Benedictus de","Philosophy",304,0,0,0,0,0,0,0,0,0,0,0,0,0,0
"305","975","Ethics — Part 5","Spinoza, Benedictus de","Philosophy",305,0,0,0,0,0,0,0,0,0,0,0,0,0,0
"306","975","Ethics — Part 5","Spinoza, Benedictus de","Philosophy",306,-0.318484426717784,0.0332182129763489,1,4,1,0,1,3,2,0,0,0,1,0
"307","975","Ethics — Part 5","Spinoza, Benedictus de","Philosophy",307,0,0,0,0,0,0,0,0,0,0,0,0,0,0
"308","975","Ethics — Part 5","Spinoza, Benedictus de","Philosophy",308,-0.383377368885581,0.0421804276504867,1,2,1,1,1,2,2,0,0,0,1,0
"309","975","Ethics — Part 5","Spinoza, Benedictus de","Philosophy",309,-0.314100589083681,-0.971360906952626,0,0,0,0,0,0,1,0,0,0,0,1
"310","975","Ethics — Part 5","Spinoza, Benedictus de","Philosophy",310,0,0,0,0,0,0,0,0,0,0,0,0,0,0
"311","975","Ethics — Part 5","Spinoza, Benedictus de","Philosophy",311,-0.69902739079479,0.56837057414017,1,0,0,2,0,1,0,0,0,0,0,0
"312","975","Ethics — Part 5","Spinoza, Benedictus de","Philosophy",312,-0.155667454191013,0.249161108763662,1,2,0,0,1,2,1,0,0,0,0,0
"313","975","Ethics — Part 5","Spinoza, Benedictus de","Philosophy",313,-0.344122562265944,-0.0737326993026508,2,3,1,2,1,0,0,0,0,0,1,0
"314","975","Ethics — Part 5","Spinoza, Benedictus de","Philosophy",314,0,0,0,0,0,0,0,0,0,0,0,0,0,0
"315","975","Ethics — Part 5","Spinoza, Benedictus de","Philosophy",315,0,0,0,0,0,0,0,0,0,0,0,0,0,0
"316","975","Ethics — Part 5","Spinoza, Benedictus de","Philosophy",316,0,0,0,0,0,0,0,1,0,0,0,0,0,0
"317","975","Ethics — Part 5","Spinoza, Benedictus de","Philosophy",317,-0.177816028165009,0.555920072105386,1,1,0,0,0,1,0,0,0,0,0,0
"318","975","Ethics — Part 5","Spinoza, Benedictus de","Philosophy",318,0,0,0,0,0,0,0,0,0,0,0,0,0,0
"319","975","Ethics — Part 5","Spinoza, Benedictus de","Philosophy",319,-0.385155934855728,0.100951529180474,1,3,1,0,0,2,1,0,0,0,1,0
"320","975","Ethics — Part 5","Spinoza, Benedictus de","Philosophy",320,0,0,0,0,0,0,0,0,0,0,0,0,0,0
"321","975","Ethics — Part 5","Spinoza, Benedictus de","Philosophy",321,-0.423985725632365,-0.358808181370429,0,0,3,0,1,0,1,0,0,0,1,0
"322","975","Ethics — Part 5","Spinoza, Benedictus de","Philosophy",322,-0.361089356345316,0.246209444771704,1,0,2,0,1,2,0,0,0,0,0,0
"323","975","Ethics — Part 5","Spinoza, Benedictus de","Philosophy",323,-0.225265946446377,0.275362179870175,1,3,1,0,0,2,1,0,0,0,0,0
"324","975","Ethics — Part 5","Spinoza, Benedictus de","Philosophy",324,-0.177816028165009,0.555920072105386,1,2,0,0,0,1,0,0,0,0,0,0
"325","975","Ethics — Part 5","Spinoza, Benedictus de","Philosophy",325,0,0,0,0,0,0,0,0,0,0,0,0,0,0
"326","975","Ethics — Part 5","Spinoza, Benedictus de","Philosophy",326,-0.592495841546447,-0.354017013744437,0,0,2,0,0,0,1,0,0,0,2,0
"327","975","Ethics — Part 5","Spinoza, Benedictus de","Philosophy",327,0,0,0,0,0,0,0,0,0,0,0,0,0,0
"328","975","Ethics — Part 5","Spinoza, Benedictus de","Philosophy",328,0,0,0,0,0,0,0,0,0,0,0,0,0,0
"329","975","Ethics — Part 5","Spinoza, Benedictus de","Philosophy",329,-0.187959227173368,-0.0114858859914432,1,0,1,0,1,0,1,0,0,1,0,0
"330","975","Ethics — Part 5","Spinoza, Benedictus de","Philosophy",330,0,0,0,0,0,0,0,0,0,0,0,0,0,0
"331","975","Ethics — Part 5","Spinoza, Benedictus de","Philosophy",331,-0.400081587416816,0.0828028214171047,1,2,0,2,1,2,2,0,0,0,2,0
"332","975","Ethics — Part 5","Spinoza, Benedictus de","Philosophy",332,0,0,0,1,0,0,0,0,0,0,0,0,0,0
"333","975","Ethics — Part 5","Spinoza, Benedictus de","Philosophy",333,-0.534903439251447,-0.0836173649738371,0,0,1,1,1,2,1,0,0,0,2,0
"334","975","Ethics — Part 5","Spinoza, Benedictus de","Philosophy",334,0,0,0,1,0,0,0,0,0,0,0,0,0,0
"335","975","Ethics — Part 5","Spinoza, Benedictus de","Philosophy",335,-0.383377368885581,0.0421804276504867,2,3,1,1,1,3,2,0,0,0,1,0
"336","975","Ethics — Part 5","Spinoza, Benedictus de","Philosophy",336,-0.177816028165009,0.555920072105386,1,2,0,0,0,1,0,0,0,0,0,0
"337","975","Ethics — Part 5","Spinoza, Benedictus de","Philosophy",337,-0.187959227173368,-0.0114858859914432,1,0,1,0,1,0,1,0,0,1,0,0
"338","975","Ethics — Part 5","Spinoza, Benedictus de","Philosophy",338,0,0,0,0,0,0,0,0,0,0,0,0,0,0
"339","975","Ethics — Part 5","Spinoza, Benedictus de","Philosophy",339,0,0,0,0,0,0,0,0,0,0,0,0,0,0
"340","975","Ethics — Part 5","Spinoza, Benedictus de","Philosophy",340,0,0,0,0,0,0,0,0,0,0,0,0,0,0
"341","975","Ethics — Part 5","Spinoza, Benedictus de","Philosophy",341,0,0,0,0,0,0,0,0,0,0,0,0,0,0
"342","975","Ethics — Part 5","Spinoza, Benedictus de","Philosophy",342,-0.092236134143371,0.0464092056641308,0,1,3,0,1,2,1,0,0,0,0,0
"343","975","Ethics — Part 5","Spinoza, Benedictus de","Philosophy",343,0,0,0,0,0,0,0,0,0,0,0,0,0,0
"344","975","Ethics — Part 5","Spinoza, Benedictus de","Philosophy",344,-0.316394794577742,-0.207677666852671,3,4,4,0,2,6,2,0,0,0,3,2
"345","975","Ethics — Part 5","Spinoza, Benedictus de","Philosophy",345,-0.373243282675973,-0.184034235796137,1,4,2,0,0,3,1,0,0,0,3,2
"346","975","Ethics — Part 5","Spinoza, Benedictus de","Philosophy",346,-0.322808868302125,-0.352808709307034,1,3,2,0,0,0,3,0,0,0,1,1
"347","975","Ethics — Part 5","Spinoza, Benedictus de","Philosophy",347,-0.316394794577742,-0.207677666852671,1,3,3,0,1,3,1,0,0,0,2,1
"348","975","Ethics — Part 5","Spinoza, Benedictus de","Philosophy",348,0,0,0,0,0,0,0,0,0,0,0,0,0,0
"349","975","Ethics — Part 5","Spinoza, Benedictus de","Philosophy",349,0,0,0,0,0,0,0,0,0,0,0,0,0,0
"350","975","Ethics — Part 5","Spinoza, Benedictus de","Philosophy",350,-0.278221988173827,-0.34757207451474,0,2,3,0,2,1,1,0,0,0,3,1
"351","975","Ethics — Part 5","Spinoza, Benedictus de","Philosophy",351,0,0,0,0,0,0,0,0,0,0,0,0,0,0
"352","975","Ethics — Part 5","Spinoza, Benedictus de","Philosophy",352,-0.391042523260813,-0.174343886976187,1,4,0,0,0,1,3,0,0,0,1,1
"353","975","Ethics — Part 5","Spinoza, Benedictus de","Philosophy",353,0,0,0,0,0,0,0,0,0,0,0,0,0,0
"354","975","Ethics — Part 5","Spinoza, Benedictus de","Philosophy",354,-0.211950691382954,-0.543602854478737,0,3,2,0,2,0,3,0,0,0,3,1
"355","975","Ethics — Part 5","Spinoza, Benedictus de","Philosophy",355,-0.405665381425846,-0.16184858947073,0,1,0,1,0,0,1,0,0,0,1,0
"356","975","Ethics — Part 5","Spinoza, Benedictus de","Philosophy",356,0,0,0,0,0,0,0,0,0,0,0,0,0,0
"357","975","Ethics — Part 5","Spinoza, Benedictus de","Philosophy",357,-0.16087574253259,-0.329723828241793,0,1,1,0,1,0,0,0,0,0,2,0
"358","975","Ethics — Part 5","Spinoza, Benedictus de","Philosophy",358,0,0,0,0,0,0,0,0,0,0,0,0,0,0
"359","975","Ethics — Part 5","Spinoza, Benedictus de","Philosophy",359,0,0,0,0,0,0,0,0,0,0,0,0,0,0
"360","975","Ethics — Part 5","Spinoza, Benedictus de","Philosophy",360,0,0,0,0,0,0,0,0,0,0,0,0,0,0
"361","975","Ethics — Part 5","Spinoza, Benedictus de","Philosophy",361,0,0,0,0,0,0,0,0,0,0,0,0,0,0
"362","975","Ethics — Part 5","Spinoza, Benedictus de","Philosophy",362,0,0,0,0,0,0,0,0,0,0,0,0,0,0
"363","975","Ethics — Part 5","Spinoza, Benedictus de","Philosophy",363,-0.383377368885581,0.0421804276504867,5,7,6,4,2,8,3,0,0,0,2,0
"364","975","Ethics — Part 5","Spinoza, Benedictus de","Philosophy",364,0,0,0,0,0,0,0,0,0,0,0,0,0,0
"365","975","Ethics — Part 5","Spinoza, Benedictus de","Philosophy",365,-0.383377368885581,0.0421804276504867,3,4,2,2,1,4,2,0,0,0,2,0
"366","975","Ethics — Part 5","Spinoza, Benedictus de","Philosophy",366,-0.418005555784329,-0.294959999459485,2,7,0,1,0,0,2,0,0,0,2,1
"367","975","Ethics — Part 5","Spinoza, Benedictus de","Philosophy",367,0,0,0,0,0,0,0,0,0,0,0,0,0,0
"368","975","Ethics — Part 5","Spinoza, Benedictus de","Philosophy",368,-0.449794796170647,0.101517872207471,3,7,1,1,0,4,2,0,0,0,1,0
"369","975","Ethics — Part 5","Spinoza, Benedictus de","Philosophy",369,-0.263479862079245,0.189729157796988,0,2,1,1,0,1,0,0,0,0,0,0
"370","975","Ethics — Part 5","Spinoza, Benedictus de","Philosophy",370,-0.449794796170647,0.101517872207471,2,5,3,2,0,3,2,0,0,0,2,0
"371","975","Ethics — Part 5","Spinoza, Benedictus de","Philosophy",371,0,0,0,0,0,0,0,0,0,0,0,0,0,0
"372","975","Ethics — Part 5","Spinoza, Benedictus de","Philosophy",372,0,0,0,0,0,0,0,0,0,0,0,0,0,0
"373","975","Ethics — Part 5","Spinoza, Benedictus de","Philosophy",373,0,0,0,0,0,0,0,0,0,0,0,0,0,0
"374","975","Ethics — Part 5","Spinoza, Benedictus de","Philosophy",374,0,0,0,0,0,0,0,0,0,0,0,0,0,0
"375","975","Ethics — Part 5","Spinoza, Benedictus de","Philosophy",375,-0.374309591186899,-0.172945044939102,10,6,9,3,1,5,9,0,0,0,5,4
"376","975","Ethics — Part 5","Spinoza, Benedictus de","Philosophy",376,-0.385155934855728,0.100951529180474,1,2,2,0,0,3,2,0,0,0,3,0
"377","975","Ethics — Part 5","Spinoza, Benedictus de","Philosophy",377,-0.373243282675973,-0.184034235796137,5,3,3,0,0,4,2,0,0,0,3,1
"378","975","Ethics — Part 5","Spinoza, Benedictus de","Philosophy",378,-0.381044861693649,-0.20657777705392,2,4,2,0,0,1,0,0,0,0,2,1
"379","975","Ethics — Part 5","Spinoza, Benedictus de","Philosophy",379,-0.339501971425021,0.344780631687233,2,3,0,1,0,2,1,0,0,0,0,0
"380","975","Ethics — Part 5","Spinoza, Benedictus de","Philosophy",380,0,0,0,0,0,0,0,0,0,0,0,0,0,0
"381","975","Ethics — Part 5","Spinoza, Benedictus de","Philosophy",381,0,0,0,0,0,0,0,0,0,0,0,0,0,0
"382","975","Ethics — Part 5","Spinoza, Benedictus de","Philosophy",382,-0.431291367848997,-0.147915465025439,4,2,4,1,0,3,1,0,0,0,3,1
"383","975","Ethics — Part 5","Spinoza, Benedictus de","Philosophy",383,0.199786157629631,0.00939571800782808,0,1,0,0,0,0,1,0,0,0,0,0
"384","975","Ethics — Part 5","Spinoza, Benedictus de","Philosophy",384,0,0,0,0,0,0,0,0,0,0,0,0,0,0
"385","975","Ethics — Part 5","Spinoza, Benedictus de","Philosophy",385,0,0,0,0,0,0,0,0,0,0,0,0,0,0
"386","975","Ethics — Part 5","Spinoza, Benedictus de","Philosophy",386,-0.431291367848997,-0.147915465025439,4,8,4,2,0,3,1,0,0,0,4,1
"387","975","Ethics — Part 5","Spinoza, Benedictus de","Philosophy",387,0,0,0,0,0,0,0,0,0,0,0,0,0,0
"388","975","Ethics — Part 5","Spinoza, Benedictus de","Philosophy",388,0,0,0,0,0,0,0,0,0,0,0,0,0,0
"389","975","Ethics — Part 5","Spinoza, Benedictus de","Philosophy",389,-0.112975865596286,0.323644633016938,2,3,0,0,1,2,0,0,0,0,0,0
"390","975","Ethics — Part 5","Spinoza, Benedictus de","Philosophy",390,-0.383377368885581,0.0421804276504867,1,7,3,1,1,1,2,0,0,0,1,0
"391","975","Ethics — Part 5","Spinoza, Benedictus de","Philosophy",391,0.199786157629631,0.00939571800782808,0,1,0,0,0,0,1,0,0,0,0,0
"392","975","Ethics — Part 5","Spinoza, Benedictus de","Philosophy",392,0,0,0,0,0,0,0,0,0,0,0,0,0,0
"393","975","Ethics — Part 5","Spinoza, Benedictus de","Philosophy",393,0,0,0,0,0,0,0,0,0,0,0,0,0,0
"394","975","Ethics — Part 5","Spinoza, Benedictus de","Philosophy",394,-0.374177280503657,0.0682179362408691,3,5,1,1,0,2,2,0,0,1,1,0
"395","975","Ethics — Part 5","Spinoza, Benedictus de","Philosophy",395,0.199786157629631,0.00939571800782808,0,2,0,0,0,0,1,0,0,0,0,0
"396","975","Ethics — Part 5","Spinoza, Benedictus de","Philosophy",396,0.199786157629631,0.00939571800782808,0,1,0,0,0,0,1,0,0,0,0,0
"397","975","Ethics — Part 5","Spinoza, Benedictus de","Philosophy",397,0.199786157629631,0.00939571800782808,0,1,0,0,0,0,1,0,0,0,0,0
"398","975","Ethics — Part 5","Spinoza, Benedictus de","Philosophy",398,0,0,0,0,0,0,0,0,0,0,0,0,0,0
"399","975","Ethics — Part 5","Spinoza, Benedictus de","Philosophy",399,-0.366131734847411,-0.149800592858762,13,13,9,8,0,14,8,0,0,4,5,4
"400","975","Ethics — Part 5","Spinoza, Benedictus de","Philosophy",400,-0.449794796170647,0.101517872207471,5,5,2,2,0,6,1,0,0,0,1,0
"401","975","Ethics — Part 5","Spinoza, Benedictus de","Philosophy",401,-0.431291367848997,-0.147915465025439,5,22,11,14,0,18,11,0,0,0,10,6
"402","975","Ethics — Part 5","Spinoza, Benedictus de","Philosophy",402,-0.40953235762669,-0.279272415283618,0,5,4,3,0,2,6,0,0,0,5,1
"403","975","Ethics — Part 5","Spinoza, Benedictus de","Philosophy",403,-0.366131734847411,-0.149800592858762,1,4,1,2,0,2,2,0,0,1,3,1
"404","975","Ethics — Part 5","Spinoza, Benedictus de","Philosophy",404,-0.140947312779934,0.290821122508274,1,5,0,0,0,2,2,0,0,1,0,0
"405","975","Ethics — Part 5","Spinoza, Benedictus de","Philosophy",405,-0.431291367848997,-0.147915465025439,1,5,1,3,0,1,1,0,0,0,2,1
"406","975","Ethics — Part 5","Spinoza, Benedictus de","Philosophy",406,-0.374309591186899,-0.172945044939102,2,4,3,1,1,5,3,0,0,0,3,1
"407","975","Ethics — Part 5","Spinoza, Benedictus de","Philosophy",407,0.199786157629631,0.00939571800782808,0,1,0,0,0,0,1,0,0,0,0,0
"408","975","Ethics — Part 5","Spinoza, Benedictus de","Philosophy",408,-0.480352622337932,0.158800239028023,3,6,0,2,0,2,1,0,0,0,2,0
"409","975","Ethics — Part 5","Spinoza, Benedictus de","Philosophy",409,0,0,0,0,0,0,0,0,0,0,0,0,0,0
"410","975","Ethics — Part 5","Spinoza, Benedictus de","Philosophy",410,-0.449794796170647,0.101517872207471,2,3,1,2,0,1,1,0,0,0,1,0
"411","975","Ethics — Part 5","Spinoza, Benedictus de","Philosophy",411,-0.345466233945845,-0.033174802339794,0,3,1,0,0,1,1,0,0,0,1,0
"412","975","Ethics — Part 5","Spinoza, Benedictus de","Philosophy",412,-0.449794796170647,0.101517872207471,3,6,4,3,0,4,5,0,0,0,4,0
"413","975","Ethics — Part 5","Spinoza, Benedictus de","Philosophy",413,-0.446271019174579,-0.162078675993438,7,6,5,1,0,6,0,0,0,0,3,1
"414","975","Ethics — Part 5","Spinoza, Benedictus de","Philosophy",414,-0.431291367848997,-0.147915465025439,4,5,3,2,0,3,3,0,0,0,6,1
"415","975","Ethics — Part 5","Spinoza, Benedictus de","Philosophy",415,0,0,0,0,0,0,0,0,0,0,0,0,0,0
"416","975","Ethics — Part 5","Spinoza, Benedictus de","Philosophy",416,-0.449794796170647,0.101517872207471,4,6,1,1,0,3,1,0,0,0,2,0
"417","975","Ethics — Part 5","Spinoza, Benedictus de","Philosophy",417,0,0,0,0,0,0,0,0,0,0,0,0,0,0
"418","975","Ethics — Part 5","Spinoza, Benedictus de","Philosophy",418,0,0,0,0,0,0,0,0,0,0,0,0,0,0
"419","975","Ethics — Part 5","Spinoza, Benedictus de","Philosophy",419,-0.396354453410416,-0.287419475067536,2,3,2,1,0,0,2,0,0,0,2,1
"420","975","Ethics — Part 5","Spinoza, Benedictus de","Philosophy",420,0,0,0,0,0,0,0,0,0,0,0,0,0,0
"421","975","Ethics — Part 5","Spinoza, Benedictus de","Philosophy",421,-0.431291367848997,-0.147915465025439,5,8,1,3,0,4,2,0,0,0,2,1
"422","975","Ethics — Part 5","Spinoza, Benedictus de","Philosophy",422,0,0,0,0,0,0,0,0,0,0,0,0,0,0
"423","975","Ethics — Part 5","Spinoza, Benedictus de","Philosophy",423,0,0,0,1,0,0,0,0,0,0,0,0,0,0
"424","975","Ethics — Part 5","Spinoza, Benedictus de","Philosophy",424,-0.431291367848997,-0.147915465025439,1,3,2,1,0,2,1,0,0,0,2,1
"425","975","Ethics — Part 5","Spinoza, Benedictus de","Philosophy",425,-0.350224340289827,-0.0292752558623817,0,4,2,0,0,2,0,0,0,0,2,0
"426","975","Ethics — Part 5","Spinoza, Benedictus de","Philosophy",426,-0.323215209553261,-0.0605748346143398,1,7,2,1,0,2,0,0,0,0,0,1
"427","975","Ethics — Part 5","Spinoza, Benedictus de","Philosophy",427,0,0,0,0,0,0,0,0,0,0,0,0,0,0
"428","975","Ethics — Part 5","Spinoza, Benedictus de","Philosophy",428,0,0,0,0,0,0,0,0,0,0,0,0,0,0
"429","975","Ethics — Part 5","Spinoza, Benedictus de","Philosophy",429,0,0,0,0,0,0,0,0,0,0,0,0,0,0
"430","975","Ethics — Part 5","Spinoza, Benedictus de","Philosophy",430,0,0,0,0,0,0,0,0,0,0,0,0,0,0
"431","975","Ethics — Part 5","Spinoza, Benedictus de","Philosophy",431,0,0,0,0,0,0,0,0,0,0,0,0,0,0
"432","975","Ethics — Part 5","Spinoza, Benedictus de","Philosophy",432,0,0,0,0,0,0,0,0,0,0,0,0,0,0
"433","975","Ethics — Part 5","Spinoza, Benedictus de","Philosophy",433,-0.387792310189395,-0.164291134467009,4,6,0,2,1,4,1,0,0,0,2,1
"434","975","Ethics — Part 5","Spinoza, Benedictus de","Philosophy",434,0,0,0,0,0,0,0,0,0,0,0,0,0,0
"435","975","Ethics — Part 5","Spinoza, Benedictus de","Philosophy",435,-0.374309591186899,-0.172945044939102,3,4,1,1,1,3,1,0,0,0,2,1
"436","975","Ethics — Part 5","Spinoza, Benedictus de","Philosophy",436,0,0,0,0,0,0,0,0,0,0,0,0,0,0
"437","975","Ethics — Part 5","Spinoza, Benedictus de","Philosophy",437,-0.318484426717784,0.0332182129763489,2,3,1,0,1,2,2,0,0,0,1,0
"438","975","Ethics — Part 5","Spinoza, Benedictus de","Philosophy",438,0,0,0,0,0,0,0,0,0,0,0,0,0,0
"439","975","Ethics — Part 5","Spinoza, Benedictus de","Philosophy",439,-0.449794796170647,0.101517872207471,1,2,1,2,0,1,1,0,0,0,1,0
"440","975","Ethics — Part 5","Spinoza, Benedictus de","Philosophy",440,0.0712008422120181,0.419573805523458,1,1,0,0,0,0,0,0,0,0,0,0
"441","975","Ethics — Part 5","Spinoza, Benedictus de","Philosophy",441,-0.296796698636509,0.0411204010138887,0,0,1,0,1,1,1,0,0,0,0,0
"442","975","Ethics — Part 5","Spinoza, Benedictus de","Philosophy",442,0,0,0,0,0,0,0,0,0,0,0,0,0,0
"443","975","Ethics — Part 5","Spinoza, Benedictus de","Philosophy",443,0,0,0,0,0,0,0,0,0,0,0,0,0,0
"444","975","Ethics — Part 5","Spinoza, Benedictus de","Philosophy",444,0,0,0,0,0,0,0,0,0,0,0,0,0,0
"445","975","Ethics — Part 5","Spinoza, Benedictus de","Philosophy",445,0,0,0,0,0,0,0,0,0,0,0,0,0,0
"446","975","Ethics — Part 5","Spinoza, Benedictus de","Philosophy",446,0,0,0,0,0,0,0,0,0,0,0,0,0,0
"447","975","Ethics — Part 5","Spinoza, Benedictus de","Philosophy",447,0,0,0,0,0,0,0,0,0,0,0,0,0,0
"448","975","Ethics — Part 5","Spinoza, Benedictus de","Philosophy",448,-0.449794796170647,0.101517872207471,2,3,2,2,0,2,2,0,0,0,4,0
"449","975","Ethics — Part 5","Spinoza, Benedictus de","Philosophy",449,0,0,0,0,0,0,0,0,0,0,0,0,0,0
"450","975","Ethics — Part 5","Spinoza, Benedictus de","Philosophy",450,-0.383377368885581,0.0421804276504867,3,5,1,2,1,2,1,0,0,0,2,0
"451","975","Ethics — Part 5","Spinoza, Benedictus de","Philosophy",451,-0.449794796170647,0.101517872207471,2,3,1,1,0,1,1,0,0,0,2,0
"452","975","Ethics — Part 5","Spinoza, Benedictus de","Philosophy",452,0,0,0,0,0,0,0,0,0,0,0,0,0,0
"453","975","Ethics — Part 5","Spinoza, Benedictus de","Philosophy",453,-0.431291367848997,-0.147915465025439,4,9,4,3,0,7,4,0,0,0,3,1
"454","975","Ethics — Part 5","Spinoza, Benedictus de","Philosophy",454,0,0,0,0,0,0,0,0,0,0,0,0,0,0
"455","975","Ethics — Part 5","Spinoza, Benedictus de","Philosophy",455,-0.391042523260813,-0.174343886976187,1,4,0,0,0,1,1,0,0,0,2,1
"456","975","Ethics — Part 5","Spinoza, Benedictus de","Philosophy",456,-0.383377368885581,0.0421804276504867,2,2,3,3,1,4,2,0,0,0,3,0
"457","975","Ethics — Part 5","Spinoza, Benedictus de","Philosophy",457,-0.449794796170647,0.101517872207471,3,2,1,1,0,1,2,0,0,0,2,0
"458","975","Ethics — Part 5","Spinoza, Benedictus de","Philosophy",458,0,0,0,0,0,0,0,0,0,0,0,0,0,0
"459","975","Ethics — Part 5","Spinoza, Benedictus de","Philosophy",459,0,0,0,0,0,0,0,0,0,0,0,0,0,0
"460","975","Ethics — Part 5","Spinoza, Benedictus de","Philosophy",460,0,0,0,0,0,0,0,0,0,0,0,0,0,0
"461","975","Ethics — Part 5","Spinoza, Benedictus de","Philosophy",461,0,0,0,0,0,0,0,0,0,0,0,0,0,0
"462","975","Ethics — Part 5","Spinoza, Benedictus de","Philosophy",462,-0.449794796170647,0.101517872207471,7,9,4,2,0,6,2,0,0,0,3,0
"463","975","Ethics — Part 5","Spinoza, Benedictus de","Philosophy",463,-0.431291367848997,-0.147915465025439,2,10,4,2,0,4,5,0,0,0,5,3
"464","975","Ethics — Part 5","Spinoza, Benedictus de","Philosophy",464,-0.583376571659389,-0.570216787303934,0,0,3,1,0,0,1,0,0,0,2,1
"465","975","Ethics — Part 5","Spinoza, Benedictus de","Philosophy",465,-0.446271019174579,-0.162078675993438,4,5,2,1,0,3,0,0,0,0,2,2
"466","975","Ethics — Part 5","Spinoza, Benedictus de","Philosophy",466,-0.449794796170647,0.101517872207471,2,5,2,1,0,3,1,0,0,0,1,0
"467","975","Ethics — Part 5","Spinoza, Benedictus de","Philosophy",467,-0.431291367848997,-0.147915465025439,4,11,6,1,0,8,3,0,0,0,6,5
"468","975","Ethics — Part 5","Spinoza, Benedictus de","Philosophy",468,-0.449794796170647,0.101517872207471,3,6,4,1,0,4,4,0,0,0,3,0
"469","975","Ethics — Part 5","Spinoza, Benedictus de","Philosophy",469,-0.385155934855728,0.100951529180474,3,6,2,0,0,5,1,0,0,0,2,0
"470","975","Ethics — Part 5","Spinoza, Benedictus de","Philosophy",470,0,0,0,0,0,0,0,0,0,0,0,0,0,0
"471","975","Ethics — Part 5","Spinoza, Benedictus de","Philosophy",471,0,0,0,0,0,0,0,0,0,0,0,0,0,0
"472","975","Ethics — Part 5","Spinoza, Benedictus de","Philosophy",472,-0.341595597452226,-0.0701670262950498,2,1,2,3,1,0,1,0,0,0,2,0
"473","975","Ethics — Part 5","Spinoza, Benedictus de","Philosophy",473,0,0,0,0,0,0,0,0,0,0,0,0,0,0
"474","975","Ethics — Part 5","Spinoza, Benedictus de","Philosophy",474,-0.480352622337932,0.158800239028023,1,1,0,1,0,1,1,0,0,0,1,0
"475","975","Ethics — Part 5","Spinoza, Benedictus de","Philosophy",475,0,0,0,0,0,0,0,0,0,0,0,0,0,0
"476","975","Ethics — Part 5","Spinoza, Benedictus de","Philosophy",476,0,0,0,0,0,0,0,0,0,0,0,0,0,0
"477","975","Ethics — Part 5","Spinoza, Benedictus de","Philosophy",477,0,0,0,0,0,0,0,0,0,0,0,0,0,0
"478","975","Ethics — Part 5","Spinoza, Benedictus de","Philosophy",478,-0.327326282715341,0.246954471620054,4,6,1,3,0,3,1,0,0,0,0,0
"479","975","Ethics — Part 5","Spinoza, Benedictus de","Philosophy",479,0,0,0,0,0,0,0,0,0,0,0,0,0,0
"480","975","Ethics — Part 5","Spinoza, Benedictus de","Philosophy",480,-0.39151216321639,0.0551737727790481,4,9,2,4,1,6,0,0,0,0,1,0
"481","975","Ethics — Part 5","Spinoza, Benedictus de","Philosophy",481,0,0,0,0,0,0,0,0,0,0,0,0,0,0
"482","975","Ethics — Part 5","Spinoza, Benedictus de","Philosophy",482,0,0,0,0,0,0,0,0,0,0,0,0,0,0
"483","975","Ethics — Part 5","Spinoza, Benedictus de","Philosophy",483,-0.39151216321639,0.0551737727790481,2,3,3,3,1,4,0,0,0,0,2,0
"484","975","Ethics — Part 5","Spinoza, Benedictus de","Philosophy",484,0,0,0,2,0,0,0,0,0,0,0,0,0,0
"485","975","Ethics — Part 5","Spinoza, Benedictus de","Philosophy",485,-0.333212871120425,-0.028340944536607,2,3,0,1,0,1,1,0,0,0,0,1
"486","975","Ethics — Part 5","Spinoza, Benedictus de","Philosophy",486,0,0,0,0,0,0,0,0,0,0,0,0,0,0
"487","975","Ethics — Part 5","Spinoza, Benedictus de","Philosophy",487,0.0712008422120181,0.419573805523458,1,3,0,0,0,0,0,0,0,0,0,0
"488","975","Ethics — Part 5","Spinoza, Benedictus de","Philosophy",488,-0.327326282715341,0.246954471620054,2,5,1,2,0,3,1,0,0,0,0,0
"489","975","Ethics — Part 5","Spinoza, Benedictus de","Philosophy",489,0,0,0,0,0,0,0,0,0,0,0,0,0,0
"490","975","Ethics — Part 5","Spinoza, Benedictus de","Philosophy",490,0,0,0,0,0,0,0,0,0,0,0,0,0,0
"491","975","Ethics — Part 5","Spinoza, Benedictus de","Philosophy",491,0,0,0,0,0,0,0,0,0,0,0,0,0,0
"492","975","Ethics — Part 5","Spinoza, Benedictus de","Philosophy",492,0,0,0,0,0,0,0,0,0,0,0,0,0,0
"493","975","Ethics — Part 5","Spinoza, Benedictus de","Philosophy",493,0,0,0,0,0,0,0,0,0,0,0,0,0,0
"494","975","Ethics — Part 5","Spinoza, Benedictus de","Philosophy",494,-0.431291367848997,-0.147915465025439,2,8,2,4,0,6,1,0,0,0,1,1
"495","975","Ethics — Part 5","Spinoza, Benedictus de","Philosophy",495,0,0,0,0,0,0,0,0,0,0,0,0,0,0
"496","975","Ethics — Part 5","Spinoza, Benedictus de","Philosophy",496,-0.582555404011741,0.275908709633942,1,0,0,1,0,0,1,0,0,0,0,0
"497","975","Ethics — Part 5","Spinoza, Benedictus de","Philosophy",497,-0.431291367848997,-0.147915465025439,2,6,5,1,0,7,1,0,0,0,3,1
"498","975","Ethics — Part 5","Spinoza, Benedictus de","Philosophy",498,-0.429513490349379,0.224164623012032,1,1,0,0,0,1,0,0,0,0,1,0
"499","975","Ethics — Part 5","Spinoza, Benedictus de","Philosophy",499,-0.449794796170647,0.101517872207471,1,3,1,2,0,2,2,0,0,0,1,0
"500","975","Ethics — Part 5","Spinoza, Benedictus de","Philosophy",500,0,0,0,0,0,0,0,0,0,0,0,0,0,0
"501","975","Ethics — Part 5","Spinoza, Benedictus de","Philosophy",501,0,0,0,0,0,0,0,0,0,0,0,0,0,0
"502","975","Ethics — Part 5","Spinoza, Benedictus de","Philosophy",502,0,0,0,0,0,0,0,0,0,0,0,0,0,0
"503","975","Ethics — Part 5","Spinoza, Benedictus de","Philosophy",503,0,0,0,0,0,0,0,0,0,0,0,0,0,0
"504","975","Ethics — Part 5","Spinoza, Benedictus de","Philosophy",504,0,0,0,0,0,0,0,0,0,0,0,0,0,0
"505","975","Ethics — Part 5","Spinoza, Benedictus de","Philosophy",505,-0.342769012138797,0.443169036671402,2,4,0,4,0,2,0,0,0,0,0,0
"506","975","Ethics — Part 5","Spinoza, Benedictus de","Philosophy",506,0,0,0,0,0,0,0,0,0,0,0,0,0,0
"507","975","Ethics — Part 5","Spinoza, Benedictus de","Philosophy",507,-0.268916153454594,0.158363592210275,2,4,1,1,1,1,1,0,0,0,0,0
"508","975","Ethics — Part 5","Spinoza, Benedictus de","Philosophy",508,-0.327326282715341,0.246954471620054,1,4,1,1,0,2,1,0,0,0,0,0
"509","975","Ethics — Part 5","Spinoza, Benedictus de","Philosophy",509,-0.327326282715341,0.246954471620054,3,7,2,2,0,4,2,0,0,0,0,0
"510","975","Ethics — Part 5","Spinoza, Benedictus de","Philosophy",510,-0.449794796170647,0.101517872207471,2,4,3,1,0,3,1,0,0,0,2,0
"511","975","Ethics — Part 5","Spinoza, Benedictus de","Philosophy",511,-0.177816028165009,0.555920072105386,1,1,0,0,0,1,0,0,0,0,0,0
"512","975","Ethics — Part 5","Spinoza, Benedictus de","Philosophy",512,-0.449794796170647,0.101517872207471,2,4,2,3,0,3,1,0,0,0,2,0
"513","975","Ethics — Part 5","Spinoza, Benedictus de","Philosophy",513,-0.177816028165009,0.555920072105386,1,2,0,0,0,1,0,0,0,0,0,0
"514","975","Ethics — Part 5","Spinoza, Benedictus de","Philosophy",514,-0.342769012138797,0.443169036671402,2,4,0,2,0,2,0,0,0,0,0,0
"515","975","Ethics — Part 5","Spinoza, Benedictus de","Philosophy",515,0,0,0,0,0,0,0,0,0,0,0,0,0,0
"516","975","Ethics — Part 5","Spinoza, Benedictus de","Philosophy",516,0,0,0,0,0,0,0,0,0,0,0,0,0,0
"517","975","Ethics — Part 5","Spinoza, Benedictus de","Philosophy",517,0,0,0,0,0,0,0,0,0,0,0,0,0,0
"518","975","Ethics — Part 5","Spinoza, Benedictus de","Philosophy",518,0,0,0,0,0,0,0,0,0,0,0,0,0,0
"519","975","Ethics — Part 5","Spinoza, Benedictus de","Philosophy",519,0,0,0,0,0,0,0,0,0,0,0,0,0,0
"520","975","Ethics — Part 5","Spinoza, Benedictus de","Philosophy",520,-0.327504777544425,0.306099963593954,4,9,1,3,0,5,0,0,0,0,0,0
"521","975","Ethics — Part 5","Spinoza, Benedictus de","Philosophy",521,0,0,0,0,0,0,0,0,0,0,0,0,0,0
"522","975","Ethics — Part 5","Spinoza, Benedictus de","Philosophy",522,-0.255415022051511,0.223822638291731,1,2,0,1,0,0,1,0,0,0,0,0
"523","975","Ethics — Part 5","Spinoza, Benedictus de","Philosophy",523,-0.431291367848997,-0.147915465025439,1,4,4,4,0,6,4,0,0,0,8,2
"524","975","Ethics — Part 5","Spinoza, Benedictus de","Philosophy",524,0,0,0,0,0,0,0,0,0,0,0,0,0,0
"525","975","Ethics — Part 5","Spinoza, Benedictus de","Philosophy",525,0,0,0,0,0,0,0,0,0,0,0,0,0,0
"526","975","Ethics — Part 5","Spinoza, Benedictus de","Philosophy",526,-0.323675009412784,-0.0588888565622117,2,8,3,6,0,5,3,0,0,0,0,1
"527","975","Ethics — Part 5","Spinoza, Benedictus de","Philosophy",527,-0.429513490349379,0.224164623012032,1,1,0,0,0,1,0,0,0,0,1,0
"528","975","Ethics — Part 5","Spinoza, Benedictus de","Philosophy",528,-0.327504777544425,0.306099963593954,4,7,1,3,0,5,0,0,0,0,0,0
"529","975","Ethics — Part 5","Spinoza, Benedictus de","Philosophy",529,0,0,0,0,0,0,0,0,0,0,0,0,0,0
"530","975","Ethics — Part 5","Spinoza, Benedictus de","Philosophy",530,0,0,0,0,0,0,0,0,0,0,0,0,0,0
"531","975","Ethics — Part 5","Spinoza, Benedictus de","Philosophy",531,0,0,0,0,0,0,0,0,0,0,0,0,0,0
"532","975","Ethics — Part 5","Spinoza, Benedictus de","Philosophy",532,0,0,0,0,0,0,0,0,0,0,0,0,0,0
"533","975","Ethics — Part 5","Spinoza, Benedictus de","Philosophy",533,0,0,0,0,0,0,0,0,0,0,0,0,0,0
"534","975","Ethics — Part 5","Spinoza, Benedictus de","Philosophy",534,-0.449794796170647,0.101517872207471,7,11,4,2,0,10,1,0,0,0,1,0
"535","975","Ethics — Part 5","Spinoza, Benedictus de","Philosophy",535,0,0,0,0,0,0,0,0,0,0,0,0,0,0
"536","975","Ethics — Part 5","Spinoza, Benedictus de","Philosophy",536,-0.431291367848997,-0.147915465025439,3,14,2,1,0,6,4,0,0,0,4,2
"537","975","Ethics — Part 5","Spinoza, Benedictus de","Philosophy",537,0,0,0,1,0,0,0,0,0,0,0,0,0,0
"538","975","Ethics — Part 5","Spinoza, Benedictus de","Philosophy",538,0,0,0,0,0,0,0,0,0,0,0,0,0,0
"539","975","Ethics — Part 5","Spinoza, Benedictus de","Philosophy",539,-0.345466233945845,-0.033174802339794,0,4,1,0,0,2,1,0,0,0,1,0
"540","975","Ethics — Part 5","Spinoza, Benedictus de","Philosophy",540,0,0,0,0,0,0,0,0,0,0,0,0,0,0
"541","975","Ethics — Part 5","Spinoza, Benedictus de","Philosophy",541,0,0,0,1,0,0,0,0,0,0,0,0,0,0
"542","975","Ethics — Part 5","Spinoza, Benedictus de","Philosophy",542,-0.431291367848997,-0.147915465025439,6,13,3,1,0,7,2,0,0,0,2,1
"543","975","Ethics — Part 5","Spinoza, Benedictus de","Philosophy",543,0,0,0,0,0,0,0,0,0,0,0,0,0,0
"544","975","Ethics — Part 5","Spinoza, Benedictus de","Philosophy",544,0,0,0,0,0,0,0,0,0,0,0,0,0,0
"545","975","Ethics — Part 5","Spinoza, Benedictus de","Philosophy",545,-0.373243282675973,-0.184034235796137,5,7,1,0,0,5,2,0,0,0,1,1
"546","975","Ethics — Part 5","Spinoza, Benedictus de","Philosophy",546,-0.307970039995585,0.0629753656510716,2,3,1,0,0,3,1,0,0,1,3,0
"547","975","Ethics — Part 5","Spinoza, Benedictus de","Philosophy",547,0,0,0,0,0,0,0,0,0,0,0,0,0,0
"548","975","Ethics — Part 5","Spinoza, Benedictus de","Philosophy",548,-0.199973980915491,0.35639597190008,7,11,3,0,0,8,0,0,0,0,0,0
"549","975","Ethics — Part 5","Spinoza, Benedictus de","Philosophy",549,0,0,0,0,0,0,0,0,0,0,0,0,0,0
"550","975","Ethics — Part 5","Spinoza, Benedictus de","Philosophy",550,0,0,0,0,0,0,0,0,0,0,0,0,0,0
"551","975","Ethics — Part 5","Spinoza, Benedictus de","Philosophy",551,0,0,0,0,0,0,0,0,0,0,0,0,0,0
"552","975","Ethics — Part 5","Spinoza, Benedictus de","Philosophy",552,0,0,0,0,0,0,0,0,0,0,0,0,0,0
"553","975","Ethics — Part 5","Spinoza, Benedictus de","Philosophy",553,-0.323541513546597,0.0191735339642831,3,8,5,1,1,9,1,0,0,1,1,0
"554","975","Ethics — Part 5","Spinoza, Benedictus de","Philosophy",554,-0.39151216321639,0.0551737727790481,3,6,4,5,1,7,0,0,0,0,4,0
"555","975","Ethics — Part 5","Spinoza, Benedictus de","Philosophy",555,-0.725526858034712,-0.506639026491934,0,0,2,0,0,0,0,0,0,0,1,0
"556","975","Ethics — Part 5","Spinoza, Benedictus de","Philosophy",556,0,0,0,0,0,0,0,0,0,0,0,0,0,0
"557","975","Ethics — Part 5","Spinoza, Benedictus de","Philosophy",557,0,0,0,0,0,0,0,0,0,0,0,0,0,0
"558","975","Ethics — Part 5","Spinoza, Benedictus de","Philosophy",558,-0.316394794577742,-0.207677666852671,3,6,3,0,3,7,3,0,0,0,4,2
"559","975","Ethics — Part 5","Spinoza, Benedictus de","Philosophy",559,0,0,0,0,0,0,0,0,0,0,0,0,0,0
"560","975","Ethics — Part 5","Spinoza, Benedictus de","Philosophy",560,-0.383377368885581,0.0421804276504867,2,3,1,1,1,3,1,0,0,0,1,0
"561","975","Ethics — Part 5","Spinoza, Benedictus de","Philosophy",561,0,0,0,0,0,0,0,0,0,0,0,0,0,0
"562","975","Ethics — Part 5","Spinoza, Benedictus de","Philosophy",562,0,0,0,0,0,0,0,0,0,0,0,0,0,0
"563","975","Ethics — Part 5","Spinoza, Benedictus de","Philosophy",563,-0.374309591186899,-0.172945044939102,5,17,5,1,3,16,3,0,0,0,5,1
"564","975","Ethics — Part 5","Spinoza, Benedictus de","Philosophy",564,0,0,0,0,0,0,0,0,0,0,0,0,0,0
"565","975","Ethics — Part 5","Spinoza, Benedictus de","Philosophy",565,0,0,0,0,0,0,0,0,0,0,0,0,0,0
"566","975","Ethics — Part 5","Spinoza, Benedictus de","Philosophy",566,0,0,0,0,0,0,0,0,0,0,0,0,0,0
"567","975","Ethics — Part 5","Spinoza, Benedictus de","Philosophy",567,0,0,0,0,0,0,0,0,0,0,0,0,0,0
"568","975","Ethics — Part 5","Spinoza, Benedictus de","Philosophy",568,0,0,0,0,0,0,0,0,0,0,0,0,0,0
"569","975","Ethics — Part 5","Spinoza, Benedictus de","Philosophy",569,-0.449794796170647,0.101517872207471,3,4,2,3,0,5,1,0,0,0,2,0
"570","975","Ethics — Part 5","Spinoza, Benedictus de","Philosophy",570,0,0,0,0,0,0,0,0,0,0,0,0,0,0
"571","975","Ethics — Part 5","Spinoza, Benedictus de","Philosophy",571,-0.449794796170647,0.101517872207471,3,8,1,1,0,7,2,0,0,0,3,0
"572","975","Ethics — Part 5","Spinoza, Benedictus de","Philosophy",572,-0.433379777369982,-0.285455096378248,0,1,0,1,0,3,3,0,0,0,1,1
"573","975","Ethics — Part 5","Spinoza, Benedictus de","Philosophy",573,0.199786157629631,0.00939571800782808,0,1,0,0,0,0,1,0,0,0,0,0
"574","975","Ethics — Part 5","Spinoza, Benedictus de","Philosophy",574,-0.590882502887827,0.365733848426168,1,0,1,1,0,1,0,0,0,0,0,0
"575","975","Ethics — Part 5","Spinoza, Benedictus de","Philosophy",575,-0.383377368885581,0.0421804276504867,1,3,1,2,1,3,2,0,0,0,3,0
"576","975","Ethics — Part 5","Spinoza, Benedictus de","Philosophy",576,-0.383377368885581,0.0421804276504867,2,3,3,2,1,5,3,0,0,0,3,0
"577","975","Ethics — Part 5","Spinoza, Benedictus de","Philosophy",577,-0.327504777544425,0.306099963593954,1,4,2,2,0,4,0,0,0,0,0,0
"578","975","Ethics — Part 5","Spinoza, Benedictus de","Philosophy",578,0.0250781774550588,0.448088514767171,0,1,0,0,0,1,0,0,0,0,0,0
"579","975","Ethics — Part 5","Spinoza, Benedictus de","Philosophy",579,0,0,0,0,0,0,0,0,0,0,0,0,0,0
"580","975","Ethics — Part 5","Spinoza, Benedictus de","Philosophy",580,0,0,0,0,0,0,0,0,0,0,0,0,0,0
"581","975","Ethics — Part 5","Spinoza, Benedictus de","Philosophy",581,0.0712008422120181,0.419573805523458,1,2,0,0,0,0,0,0,0,0,0,0
"582","975","Ethics — Part 5","Spinoza, Benedictus de","Philosophy",582,0,0,0,0,0,0,0,0,0,0,0,0,0,0
"583","975","Ethics — Part 5","Spinoza, Benedictus de","Philosophy",583,-0.449794796170647,0.101517872207471,1,1,1,4,0,3,2,0,0,0,1,0
"584","975","Ethics — Part 5","Spinoza, Benedictus de","Philosophy",584,0,0,0,0,0,0,0,0,0,0,0,0,0,0
"585","975","Ethics — Part 5","Spinoza, Benedictus de","Philosophy",585,0,0,0,0,0,0,0,0,0,0,0,0,0,0
"586","975","Ethics — Part 5","Spinoza, Benedictus de","Philosophy",586,0,0,0,0,0,0,0,0,0,0,0,0,0,0
"587","975","Ethics — Part 5","Spinoza, Benedictus de","Philosophy",587,0,0,0,0,0,0,0,0,0,0,0,0,0,0
"588","975","Ethics — Part 5","Spinoza, Benedictus de","Philosophy",588,-0.383377368885581,0.0421804276504867,3,6,2,8,1,9,6,0,0,0,3,0
"589","975","Ethics — Part 5","Spinoza, Benedictus de","Philosophy",589,-0.374309591186899,-0.172945044939102,7,13,14,7,1,12,10,0,0,0,12,6
"590","975","Ethics — Part 5","Spinoza, Benedictus de","Philosophy",590,0,0,0,0,0,0,0,0,0,0,0,0,0,0
"591","975","Ethics — Part 5","Spinoza, Benedictus de","Philosophy",591,0,0,0,0,0,0,0,0,0,0,0,0,0,0
"592","975","Ethics — Part 5","Spinoza, Benedictus de","Philosophy",592,-0.383377368885581,0.0421804276504867,2,5,4,1,1,6,1,0,0,0,3,0
"593","975","Ethics — Part 5","Spinoza, Benedictus de","Philosophy",593,0,0,0,0,0,0,0,0,0,0,0,0,0,0
"594","975","Ethics — Part 5","Spinoza, Benedictus de","Philosophy",594,-0.333212871120425,-0.028340944536607,3,6,0,3,0,3,1,0,0,0,0,1
"595","975","Ethics — Part 5","Spinoza, Benedictus de","Philosophy",595,-0.385155934855728,0.100951529180474,3,4,1,0,0,2,2,0,0,0,1,0
"596","975","Ethics — Part 5","Spinoza, Benedictus de","Philosophy",596,0,0,0,0,0,0,0,0,0,0,0,0,0,0
"597","975","Ethics — Part 5","Spinoza, Benedictus de","Philosophy",597,0.199786157629631,0.00939571800782808,0,1,0,0,0,0,1,0,0,0,0,0
"598","975","Ethics — Part 5","Spinoza, Benedictus de","Philosophy",598,-0.143670260310416,0.210480440670383,1,1,1,0,1,2,0,0,0,0,0,0
"599","975","Ethics — Part 5","Spinoza, Benedictus de","Philosophy",599,0,0,0,0,0,0,0,0,0,0,0,0,0,0
"600","975","Ethics — Part 5","Spinoza, Benedictus de","Philosophy",600,0,0,0,0,0,0,0,0,0,0,0,0,0,0
"601","975","Ethics — Part 5","Spinoza, Benedictus de","Philosophy",601,0,0,0,0,0,0,0,0,0,0,0,0,0,0
"602","975","Ethics — Part 5","Spinoza, Benedictus de","Philosophy",602,0,0,0,0,0,0,0,0,0,0,0,0,0,0
"603","975","Ethics — Part 5","Spinoza, Benedictus de","Philosophy",603,-0.25932987760204,0.192886355620228,2,3,1,2,1,3,0,0,0,0,0,0
"604","975","Ethics — Part 5","Spinoza, Benedictus de","Philosophy",604,-0.192364639959921,-0.127188515793334,2,5,2,0,1,5,1,0,0,0,0,1
"605","975","Ethics — Part 5","Spinoza, Benedictus de","Philosophy",605,-0.177816028165009,0.555920072105386,1,2,0,0,0,1,0,0,0,0,0,0
"606","975","Ethics — Part 5","Spinoza, Benedictus de","Philosophy",606,-0.383377368885581,0.0421804276504867,1,1,2,1,1,4,1,0,0,0,2,0
"607","975","Ethics — Part 5","Spinoza, Benedictus de","Philosophy",607,-0.383377368885581,0.0421804276504867,2,1,2,2,1,3,2,0,0,0,4,0
"608","975","Ethics — Part 5","Spinoza, Benedictus de","Philosophy",608,0,0,0,0,0,0,0,0,0,0,0,0,0,0
"609","975","Ethics — Part 5","Spinoza, Benedictus de","Philosophy",609,0,0,0,0,0,0,0,0,0,0,0,0,0,0
"610","975","Ethics — Part 5","Spinoza, Benedictus de","Philosophy",610,-0.383377368885581,0.0421804276504867,2,3,1,3,1,3,1,0,0,0,1,0
"611","975","Ethics — Part 5","Spinoza, Benedictus de","Philosophy",611,0,0,0,0,0,0,0,0,0,0,0,0,0,0
"612","975","Ethics — Part 5","Spinoza, Benedictus de","Philosophy",612,-0.339501971425021,0.344780631687233,1,3,0,2,0,1,2,0,0,0,0,0
"613","975","Ethics — Part 5","Spinoza, Benedictus de","Philosophy",613,-0.229299876536653,-0.351768650001465,0,1,0,0,0,0,0,0,0,0,1,0
"614","975","Ethics — Part 5","Spinoza, Benedictus de","Philosophy",614,0,0,0,0,0,0,0,0,0,0,0,0,0,0
"615","975","Ethics — Part 5","Spinoza, Benedictus de","Philosophy",615,-0.449794796170647,0.101517872207471,2,1,1,2,0,1,1,0,0,0,1,0
"616","975","Ethics — Part 5","Spinoza, Benedictus de","Philosophy",616,0,0,0,0,0,0,0,0,0,0,0,0,0,0
"617","975","Ethics — Part 5","Spinoza, Benedictus de","Philosophy",617,0,0,0,0,0,0,0,0,0,0,0,0,0,0
"618","975","Ethics — Part 5","Spinoza, Benedictus de","Philosophy",618,0,0,0,0,0,0,0,0,0,0,0,0,0,0
"619","975","Ethics — Part 5","Spinoza, Benedictus de","Philosophy",619,0,0,0,0,0,0,0,0,0,0,0,0,0,0
"620","975","Ethics — Part 5","Spinoza, Benedictus de","Philosophy",620,-0.345426433924771,-0.159647339136406,2,0,3,0,1,2,1,0,0,0,0,1
"621","975","Ethics — Part 5","Spinoza, Benedictus de","Philosophy",621,-0.314960649721716,-0.23037833522456,4,2,4,0,2,4,0,0,0,0,3,1
"622","975","Ethics — Part 5","Spinoza, Benedictus de","Philosophy",622,-0.590882502887827,0.365733848426168,1,0,1,1,0,1,0,0,0,0,0,0
"623","975","Ethics — Part 5","Spinoza, Benedictus de","Philosophy",623,-0.374309591186899,-0.172945044939102,4,5,4,3,1,5,2,0,0,0,5,1
"624","975","Ethics — Part 5","Spinoza, Benedictus de","Philosophy",624,-0.431291367848997,-0.147915465025439,3,6,3,1,0,3,2,0,0,0,1,1
"625","975","Ethics — Part 5","Spinoza, Benedictus de","Philosophy",625,0,0,0,0,0,0,0,0,0,0,0,0,0,0
"626","975","Ethics — Part 5","Spinoza, Benedictus de","Philosophy",626,0,0,0,0,0,0,0,0,0,0,0,0,0,0
"627","975","Ethics — Part 5","Spinoza, Benedictus de","Philosophy",627,0,0,0,0,0,0,0,0,0,0,0,0,0,0
"628","975","Ethics — Part 5","Spinoza, Benedictus de","Philosophy",628,-0.418005555784329,-0.294959999459485,3,6,0,1,0,0,2,0,0,0,1,1
"629","975","Ethics — Part 5","Spinoza, Benedictus de","Philosophy",629,0,0,0,0,0,0,0,0,0,0,0,0,0,0
"630","975","Ethics — Part 5","Spinoza, Benedictus de","Philosophy",630,-0.269327539169204,0.22512024569796,3,6,0,1,1,1,1,0,0,0,0,0
"631","975","Ethics — Part 5","Spinoza, Benedictus de","Philosophy",631,-0.327504777544425,0.306099963593954,5,7,1,3,0,3,0,0,0,0,0,0
"632","975","Ethics — Part 5","Spinoza, Benedictus de","Philosophy",632,0,0,0,0,0,0,0,0,0,0,0,0,0,0
"633","975","Ethics — Part 5","Spinoza, Benedictus de","Philosophy",633,0,0,0,0,0,0,0,0,0,0,0,0,0,0
"634","975","Ethics — Part 5","Spinoza, Benedictus de","Philosophy",634,0,0,0,0,0,0,0,0,0,0,0,0,0,0
"635","975","Ethics — Part 5","Spinoza, Benedictus de","Philosophy",635,-0.126023226465972,-0.0232319913604297,0,1,1,1,0,0,0,0,0,0,0,0
"636","975","Ethics — Part 5","Spinoza, Benedictus de","Philosophy",636,-0.449794796170647,0.101517872207471,2,5,1,1,0,4,2,0,0,0,1,0
"637","975","Ethics — Part 5","Spinoza, Benedictus de","Philosophy",637,-0.418005555784329,-0.294959999459485,2,6,0,1,0,0,2,0,0,0,1,1
"638","975","Ethics — Part 5","Spinoza, Benedictus de","Philosophy",638,0,0,0,0,0,0,0,0,0,0,0,0,0,0
"639","975","Ethics — Part 5","Spinoza, Benedictus de","Philosophy",639,0,0,0,0,0,0,0,0,0,0,0,0,0,0
"640","975","Ethics — Part 5","Spinoza, Benedictus de","Philosophy",640,0,0,0,0,0,0,0,0,0,0,0,0,0,0
"641","975","Ethics — Part 5","Spinoza, Benedictus de","Philosophy",641,0,0,0,0,0,0,0,0,0,0,0,0,0,0
"642","975","Ethics — Part 5","Spinoza, Benedictus de","Philosophy",642,-0.583414549617015,-0.346583458289642,1,0,4,2,0,0,1,0,0,0,1,1
"643","975","Ethics — Part 5","Spinoza, Benedictus de","Philosophy",643,0,0,0,0,0,0,0,0,0,0,0,0,0,0
"644","975","Ethics — Part 5","Spinoza, Benedictus de","Philosophy",644,-0.431291367848997,-0.147915465025439,3,9,6,2,0,4,2,0,0,0,8,3
"645","975","Ethics — Part 5","Spinoza, Benedictus de","Philosophy",645,0,0,0,0,0,0,0,0,0,0,0,0,0,0
"646","975","Ethics — Part 5","Spinoza, Benedictus de","Philosophy",646,0,0,0,0,0,0,0,0,0,0,0,0,0,0
"647","975","Ethics — Part 5","Spinoza, Benedictus de","Philosophy",647,-0.577765211057319,0.0531086641980396,1,0,2,2,1,1,0,0,0,0,1,0
"648","975","Ethics — Part 5","Spinoza, Benedictus de","Philosophy",648,0,0,0,0,0,0,0,0,0,0,0,0,0,0
"649","975","Ethics — Part 5","Spinoza, Benedictus de","Philosophy",649,-0.566780756855671,-0.272035116599106,0,0,0,1,1,0,1,0,0,0,1,0
"650","975","Ethics — Part 5","Spinoza, Benedictus de","Philosophy",650,0,0,0,0,0,0,0,0,0,0,0,0,0,0
"651","975","Ethics — Part 5","Spinoza, Benedictus de","Philosophy",651,-0.314100589083681,-0.971360906952626,0,0,0,0,0,0,1,0,0,0,0,1
"652","975","Ethics — Part 5","Spinoza, Benedictus de","Philosophy",652,0,0,0,0,0,0,0,0,0,0,0,0,0,0
"653","975","Ethics — Part 5","Spinoza, Benedictus de","Philosophy",653,-0.268916153454594,0.158363592210275,1,3,1,2,1,2,1,0,0,0,0,0
"654","975","Ethics — Part 5","Spinoza, Benedictus de","Philosophy",654,-0.373243282675973,-0.184034235796137,1,2,1,0,0,2,1,0,0,0,2,1
"655","975","Ethics — Part 5","Spinoza, Benedictus de","Philosophy",655,0,0,0,0,0,0,0,0,0,0,0,0,1,0
"656","975","Ethics — Part 5","Spinoza, Benedictus de","Philosophy",656,0,0,0,0,0,0,0,0,0,0,0,0,0,0
"657","975","Ethics — Part 5","Spinoza, Benedictus de","Philosophy",657,-0.449794796170647,0.101517872207471,2,2,2,1,0,2,2,0,0,0,3,0
"658","975","Ethics — Part 5","Spinoza, Benedictus de","Philosophy",658,0,0,0,0,0,0,0,0,0,0,0,0,0,0
"659","975","Ethics — Part 5","Spinoza, Benedictus de","Philosophy",659,-0.59330852404872,0.230450735640951,0,0,2,1,0,1,0,0,0,0,0,0
"660","975","Ethics — Part 5","Spinoza, Benedictus de","Philosophy",660,0,0,0,0,0,0,0,0,0,0,0,0,0,0
"661","975","Ethics — Part 5","Spinoza, Benedictus de","Philosophy",661,0,0,0,0,0,0,0,0,0,0,0,0,0,0
"662","975","Ethics — Part 5","Spinoza, Benedictus de","Philosophy",662,-0.374309591186899,-0.172945044939102,8,9,8,6,5,15,5,0,0,0,4,1
"663","975","Ethics — Part 5","Spinoza, Benedictus de","Philosophy",663,0,0,0,0,0,0,0,0,0,0,0,0,0,0
"664","975","Ethics — Part 5","Spinoza, Benedictus de","Philosophy",664,-0.161864067177768,0.201988213970922,4,4,2,0,0,2,3,0,0,1,0,0
"665","975","Ethics — Part 5","Spinoza, Benedictus de","Philosophy",665,0,0,0,0,0,0,0,0,0,0,0,0,0,0
"666","975","Ethics — Part 5","Spinoza, Benedictus de","Philosophy",666,0,0,0,0,0,0,0,0,0,0,0,0,0,0
"667","975","Ethics — Part 5","Spinoza, Benedictus de","Philosophy",667,-0.318484426717784,0.0332182129763489,3,5,2,0,1,3,2,0,0,0,3,0
"668","975","Ethics — Part 5","Spinoza, Benedictus de","Philosophy",668,0,0,0,0,0,0,0,0,0,0,0,0,0,0
"669","975","Ethics — Part 5","Spinoza, Benedictus de","Philosophy",669,-0.271700232810167,-0.661564778477045,0,1,0,0,0,0,1,0,0,0,1,1
"670","975","Ethics — Part 5","Spinoza, Benedictus de","Philosophy",670,0,0,0,0,0,0,0,0,0,0,0,0,0,0
"671","975","Ethics — Part 5","Spinoza, Benedictus de","Philosophy",671,0,0,0,1,0,0,0,0,0,0,0,0,0,0
"672","975","Ethics — Part 5","Spinoza, Benedictus de","Philosophy",672,0,0,0,0,0,0,0,0,0,0,0,0,0,0
"673","975","Ethics — Part 5","Spinoza, Benedictus de","Philosophy",673,-0.383377368885581,0.0421804276504867,4,4,3,2,1,6,2,0,0,0,3,0
"674","975","Ethics — Part 5","Spinoza, Benedictus de","Philosophy",674,-0.383377368885581,0.0421804276504867,3,3,3,1,1,2,1,0,0,0,1,0
"675","975","Ethics — Part 5","Spinoza, Benedictus de","Philosophy",675,0,0,0,0,0,0,0,0,0,0,0,0,0,0
"676","975","Ethics — Part 5","Spinoza, Benedictus de","Philosophy",676,0,0,0,0,0,0,0,0,0,0,0,0,0,0
"677","975","Ethics — Part 5","Spinoza, Benedictus de","Philosophy",677,0,0,0,0,0,0,0,0,0,0,0,0,0,0
"678","975","Ethics — Part 5","Spinoza, Benedictus de","Philosophy",678,0,0,0,0,0,0,0,0,0,0,0,0,0,0
"679","975","Ethics — Part 5","Spinoza, Benedictus de","Philosophy",679,-0.374309591186899,-0.172945044939102,3,3,5,2,3,6,1,0,0,0,3,2
"680","975","Ethics — Part 5","Spinoza, Benedictus de","Philosophy",680,0,0,0,0,0,0,0,0,0,0,0,0,0,0
"681","975","Ethics — Part 5","Spinoza, Benedictus de","Philosophy",681,-0.383377368885581,0.0421804276504867,1,4,5,2,2,5,2,0,0,0,3,0
"682","975","Ethics — Part 5","Spinoza, Benedictus de","Philosophy",682,-0.327326282715341,0.246954471620054,2,2,2,1,0,1,1,0,0,0,0,0
"683","975","Ethics — Part 5","Spinoza, Benedictus de","Philosophy",683,-0.316394794577742,-0.207677666852671,2,3,3,0,1,2,3,0,0,0,2,1
"684","975","Ethics — Part 5","Spinoza, Benedictus de","Philosophy",684,-0.177816028165009,0.555920072105386,1,2,0,0,0,1,0,0,0,0,0,0
"685","975","Ethics — Part 5","Spinoza, Benedictus de","Philosophy",685,0,0,0,1,0,0,0,0,0,0,0,0,0,0
"686","975","Ethics — Part 5","Spinoza, Benedictus de","Philosophy",686,-0.27847635442999,0.238079992913587,0,1,0,1,0,1,1,0,0,0,0,0
"687","975","Ethics — Part 5","Spinoza, Benedictus de","Philosophy",687,-0.274297757936557,-0.089842615991229,0,1,1,0,1,2,3,0,0,0,2,0
"688","975","Ethics — Part 5","Spinoza, Benedictus de","Philosophy",688,-0.431291367848997,-0.147915465025439,3,5,3,1,0,4,4,0,0,0,4,2
"689","975","Ethics — Part 5","Spinoza, Benedictus de","Philosophy",689,0,0,0,0,0,0,0,0,0,0,0,0,0,0
"690","975","Ethics — Part 5","Spinoza, Benedictus de","Philosophy",690,-0.316394794577742,-0.207677666852671,3,7,1,0,1,2,1,0,0,0,2,1
"691","975","Ethics — Part 5","Spinoza, Benedictus de","Philosophy",691,0,0,0,2,0,0,0,0,0,0,0,0,0,0
"692","975","Ethics — Part 5","Spinoza, Benedictus de","Philosophy",692,-0.39151216321639,0.0551737727790481,1,8,3,1,1,4,0,0,0,0,5,0
"693","975","Ethics — Part 5","Spinoza, Benedictus de","Philosophy",693,-0.446271019174579,-0.162078675993438,4,8,5,4,0,4,0,0,0,0,4,1
"694","975","Ethics — Part 5","Spinoza, Benedictus de","Philosophy",694,0,0,0,0,0,0,0,0,0,0,0,0,0,0
"695","975","Ethics — Part 5","Spinoza, Benedictus de","Philosophy",695,0,0,0,0,0,0,0,0,0,0,0,0,0,0
"696","975","Ethics — Part 5","Spinoza, Benedictus de","Philosophy",696,-0.449794796170647,0.101517872207471,2,3,2,5,0,2,1,0,0,0,2,0
"697","975","Ethics — Part 5","Spinoza, Benedictus de","Philosophy",697,-0.374309591186899,-0.172945044939102,6,13,7,6,2,11,2,0,0,0,5,4
"698","975","Ethics — Part 5","Spinoza, Benedictus de","Philosophy",698,0,0,0,0,0,0,0,0,0,0,0,0,0,0
"699","975","Ethics — Part 5","Spinoza, Benedictus de","Philosophy",699,0,0,0,0,0,0,0,0,0,0,0,0,0,0
"700","975","Ethics — Part 5","Spinoza, Benedictus de","Philosophy",700,-0.449794796170647,0.101517872207471,1,1,2,2,0,1,3,0,0,0,5,0
"701","975","Ethics — Part 5","Spinoza, Benedictus de","Philosophy",701,0,0,0,0,0,0,0,0,0,0,0,0,0,0
"702","975","Ethics — Part 5","Spinoza, Benedictus de","Philosophy",702,-0.268916153454594,0.158363592210275,6,5,3,3,1,7,2,0,0,0,0,0
"703","975","Ethics — Part 5","Spinoza, Benedictus de","Philosophy",703,0.199786157629631,0.00939571800782808,0,1,0,0,0,0,1,0,0,0,0,0
"704","975","Ethics — Part 5","Spinoza, Benedictus de","Philosophy",704,0,0,0,0,0,0,0,0,0,0,0,0,0,0
"705","975","Ethics — Part 5","Spinoza, Benedictus de","Philosophy",705,-0.396354453410416,-0.287419475067536,3,2,4,7,0,0,12,0,0,0,6,5
"706","975","Ethics — Part 5","Spinoza, Benedictus de","Philosophy",706,-0.365220832640572,0.0190755792542174,0,2,0,0,0,1,1,0,0,0,3,0
"707","975","Ethics — Part 5","Spinoza, Benedictus de","Philosophy",707,0,0,0,0,0,0,0,0,0,0,0,0,0,0
"708","975","Ethics — Part 5","Spinoza, Benedictus de","Philosophy",708,0,0,0,0,0,0,0,0,0,0,0,0,0,0
"709","975","Ethics — Part 5","Spinoza, Benedictus de","Philosophy",709,0,0,0,0,0,0,0,0,0,0,0,0,0,0
"710","975","Ethics — Part 5","Spinoza, Benedictus de","Philosophy",710,0,0,0,0,0,0,0,0,0,0,0,0,0,0
"711","975","Ethics — Part 5","Spinoza, Benedictus de","Philosophy",711,-0.177816028165009,0.555920072105386,1,2,0,0,0,1,0,0,0,0,0,0
"712","975","Ethics — Part 5","Spinoza, Benedictus de","Philosophy",712,-0.374177280503657,0.0682179362408691,3,5,4,1,0,4,3,0,0,1,2,0
"713","975","Ethics — Part 5","Spinoza, Benedictus de","Philosophy",713,0,0,0,0,0,0,0,0,0,0,0,0,0,0
"714","975","Ethics — Part 5","Spinoza, Benedictus de","Philosophy",714,0,0,0,0,0,0,0,0,0,0,0,0,0,0
"715","975","Ethics — Part 5","Spinoza, Benedictus de","Philosophy",715,-0.449794796170647,0.101517872207471,3,10,2,5,0,6,2,0,0,0,2,0
"716","975","Ethics — Part 5","Spinoza, Benedictus de","Philosophy",716,0,0,0,0,0,0,0,0,0,0,0,0,0,0
"717","975","Ethics — Part 5","Spinoza, Benedictus de","Philosophy",717,-0.199973980915491,0.35639597190008,1,4,1,0,0,1,0,0,0,0,0,0
"718","975","Ethics — Part 5","Spinoza, Benedictus de","Philosophy",718,-0.431291367848997,-0.147915465025439,4,8,1,4,0,5,3,0,0,0,1,1
"719","975","Ethics — Part 5","Spinoza, Benedictus de","Philosophy",719,0.199786157629631,0.00939571800782808,0,1,0,0,0,0,1,0,0,0,0,0
"720","975","Ethics — Part 5","Spinoza, Benedictus de","Philosophy",720,-0.590882502887827,0.365733848426168,1,0,1,1,0,1,0,0,0,0,0,0
"721","975","Ethics — Part 5","Spinoza, Benedictus de","Philosophy",721,-0.431291367848997,-0.147915465025439,3,7,1,3,0,2,4,0,0,0,2,1
"722","975","Ethics — Part 5","Spinoza, Benedictus de","Philosophy",722,0,0,0,0,0,0,0,0,0,0,0,0,0,0
"723","975","Ethics — Part 5","Spinoza, Benedictus de","Philosophy",723,-0.431291367848997,-0.147915465025439,4,9,3,5,0,5,2,0,0,0,1,1
"724","975","Ethics — Part 5","Spinoza, Benedictus de","Philosophy",724,0,0,0,0,0,0,0,0,0,0,0,0,0,0
"725","975","Ethics — Part 5","Spinoza, Benedictus de","Philosophy",725,0,0,0,0,0,0,0,0,0,0,0,0,0,0
"726","975","Ethics — Part 5","Spinoza, Benedictus de","Philosophy",726,0,0,0,0,0,0,0,0,0,0,0,0,0,0
"727","975","Ethics — Part 5","Spinoza, Benedictus de","Philosophy",727,0,0,0,0,0,0,0,0,0,0,0,0,0,0
"728","975","Ethics — Part 5","Spinoza, Benedictus de","Philosophy",728,-0.34053294615135,-0.402209969821067,0,3,2,0,0,2,0,0,0,0,3,1
"729","975","Ethics — Part 5","Spinoza, Benedictus de","Philosophy",729,-0.374309591186899,-0.172945044939102,3,8,4,6,1,5,1,0,0,0,2,1
"730","975","Ethics — Part 5","Spinoza, Benedictus de","Philosophy",730,-0.333212871120425,-0.028340944536607,2,5,0,3,0,2,1,0,0,0,0,1
"731","975","Ethics — Part 5","Spinoza, Benedictus de","Philosophy",731,-0.431291367848997,-0.147915465025439,4,6,4,3,0,2,3,0,0,0,3,2
"732","975","Ethics — Part 5","Spinoza, Benedictus de","Philosophy",732,-0.449794796170647,0.101517872207471,1,3,1,1,0,2,2,0,0,0,1,0
"733","975","Ethics — Part 5","Spinoza, Benedictus de","Philosophy",733,-0.449794796170647,0.101517872207471,1,2,1,1,0,2,1,0,0,0,1,0
"734","975","Ethics — Part 5","Spinoza, Benedictus de","Philosophy",734,0,0,0,0,0,0,0,0,0,0,0,0,0,0
"735","975","Ethics — Part 5","Spinoza, Benedictus de","Philosophy",735,0,0,0,0,0,0,0,0,0,0,0,0,0,0
"736","975","Ethics — Part 5","Spinoza, Benedictus de","Philosophy",736,-0.449794796170647,0.101517872207471,4,6,2,4,0,2,1,0,0,0,2,0
"737","975","Ethics — Part 5","Spinoza, Benedictus de","Philosophy",737,0,0,0,0,0,0,0,0,0,0,0,0,0,0
"738","975","Ethics — Part 5","Spinoza, Benedictus de","Philosophy",738,-0.449794796170647,0.101517872207471,3,7,2,2,0,3,2,0,0,0,3,0
"739","975","Ethics — Part 5","Spinoza, Benedictus de","Philosophy",739,0.0326016485539398,-0.625052463213384,0,2,0,0,0,0,1,0,0,0,0,1
"740","975","Ethics — Part 5","Spinoza, Benedictus de","Philosophy",740,-0.480352622337932,0.158800239028023,1,3,0,1,0,1,2,0,0,0,2,0
"741","975","Ethics — Part 5","Spinoza, Benedictus de","Philosophy",741,-0.374309591186899,-0.172945044939102,8,9,8,1,1,6,4,0,0,0,3,2
"742","975","Ethics — Part 5","Spinoza, Benedictus de","Philosophy",742,-0.383377368885581,0.0421804276504867,2,5,3,1,1,3,5,0,0,0,2,0
"743","975","Ethics — Part 5","Spinoza, Benedictus de","Philosophy",743,-0.255415022051511,0.223822638291731,3,6,0,2,0,0,2,0,0,0,0,0
"744","975","Ethics — Part 5","Spinoza, Benedictus de","Philosophy",744,0,0,0,0,0,0,0,0,0,0,0,0,0,0
"745","975","Ethics — Part 5","Spinoza, Benedictus de","Philosophy",745,0,0,0,0,0,0,0,0,0,0,0,0,0,0
"746","975","Ethics — Part 5","Spinoza, Benedictus de","Philosophy",746,0,0,0,0,0,0,0,0,0,0,0,0,0,0
"747","975","Ethics — Part 5","Spinoza, Benedictus de","Philosophy",747,0,0,0,0,0,0,0,0,0,0,0,0,0,0
"748","975","Ethics — Part 5","Spinoza, Benedictus de","Philosophy",748,-0.374309591186899,-0.172945044939102,5,12,2,7,1,5,8,0,0,0,5,4
"749","975","Ethics — Part 5","Spinoza, Benedictus de","Philosophy",749,-0.431291367848997,-0.147915465025439,4,5,5,6,0,5,5,0,0,0,4,2
"750","975","Ethics — Part 5","Spinoza, Benedictus de","Philosophy",750,-0.431291367848997,-0.147915465025439,6,8,7,3,0,7,4,0,0,0,4,2
"751","975","Ethics — Part 5","Spinoza, Benedictus de","Philosophy",751,-0.374309591186899,-0.172945044939102,8,14,3,7,2,16,6,0,0,0,10,1
"752","975","Ethics — Part 5","Spinoza, Benedictus de","Philosophy",752,-0.374309591186899,-0.172945044939102,6,16,8,7,2,14,5,0,0,0,12,2
"753","975","Ethics — Part 5","Spinoza, Benedictus de","Philosophy",753,0,0,0,0,0,0,0,0,0,0,0,0,0,0
"754","975","Ethics — Part 5","Spinoza, Benedictus de","Philosophy",754,0,0,0,0,0,0,0,0,0,0,0,0,0,0
"755","975","Ethics — Part 5","Spinoza, Benedictus de","Philosophy",755,-0.449794796170647,0.101517872207471,1,4,1,9,0,5,3,0,0,0,3,0
"756","975","Ethics — Part 5","Spinoza, Benedictus de","Philosophy",756,0,0,0,0,0,0,0,0,0,0,0,0,0,0
"757","975","Ethics — Part 5","Spinoza, Benedictus de","Philosophy",757,-0.449794796170647,0.101517872207471,1,3,1,3,0,3,1,0,0,0,1,0
"758","975","Ethics — Part 5","Spinoza, Benedictus de","Philosophy",758,0,0,0,0,0,0,0,0,0,0,0,0,0,0
"759","975","Ethics — Part 5","Spinoza, Benedictus de","Philosophy",759,0,0,0,0,0,0,0,0,0,0,0,0,0,0
"760","975","Ethics — Part 5","Spinoza, Benedictus de","Philosophy",760,-0.384885779060166,-0.508268636707746,0,2,0,4,0,0,1,0,0,0,1,1
"761","975","Ethics — Part 5","Spinoza, Benedictus de","Philosophy",761,-0.431291367848997,-0.147915465025439,2,3,2,4,0,2,4,0,0,0,1,1
"762","975","Ethics — Part 5","Spinoza, Benedictus de","Philosophy",762,0,0,0,0,0,0,0,0,0,0,0,0,0,0
"763","975","Ethics — Part 5","Spinoza, Benedictus de","Philosophy",763,0,0,0,0,0,0,0,0,0,0,0,0,0,0
"764","975","Ethics — Part 5","Spinoza, Benedictus de","Philosophy",764,0,0,0,0,0,0,0,0,0,0,0,0,0,0
"765","975","Ethics — Part 5","Spinoza, Benedictus de","Philosophy",765,0,0,0,0,0,0,0,0,0,0,0,0,0,0
"766","975","Ethics — Part 5","Spinoza, Benedictus de","Philosophy",766,-0.431291367848997,-0.147915465025439,3,4,1,4,0,2,2,0,0,0,3,1
"767","975","Ethics — Part 5","Spinoza, Benedictus de","Philosophy",767,-0.339501971425021,0.344780631687233,2,3,0,1,0,2,1,0,0,0,0,0
"768","975","Ethics — Part 5","Spinoza, Benedictus de","Philosophy",768,0.199786157629631,0.00939571800782808,0,1,0,0,0,0,1,0,0,0,0,0
"769","975","Ethics — Part 5","Spinoza, Benedictus de","Philosophy",769,-0.385155934855728,0.100951529180474,1,2,1,0,0,1,1,0,0,0,2,0
"770","975","Ethics — Part 5","Spinoza, Benedictus de","Philosophy",770,-0.412118967379244,-0.019664583302824,2,3,2,1,0,0,2,0,0,0,2,0
"771","975","Ethics — Part 5","Spinoza, Benedictus de","Philosophy",771,-0.658193051523713,-0.0257045011189237,0,0,1,1,0,1,2,0,0,0,2,0
"772","975","Ethics — Part 5","Spinoza, Benedictus de","Philosophy",772,0,0,0,0,0,1,0,0,0,0,0,0,0,0
"773","975","Ethics — Part 5","Spinoza, Benedictus de","Philosophy",773,-0.480352622337932,0.158800239028023,3,1,0,6,0,2,2,0,0,0,1,0
"774","975","Ethics — Part 5","Spinoza, Benedictus de","Philosophy",774,0,0,0,0,0,0,0,0,0,0,0,0,0,0
"775","975","Ethics — Part 5","Spinoza, Benedictus de","Philosophy",775,0,0,0,0,0,0,0,0,0,0,0,0,0,0
"776","975","Ethics — Part 5","Spinoza, Benedictus de","Philosophy",776,0,0,0,0,0,0,0,0,0,0,0,0,0,0
"777","975","Ethics — Part 5","Spinoza, Benedictus de","Philosophy",777,0,0,0,0,0,0,0,0,0,0,0,0,0,0
"778","975","Ethics — Part 5","Spinoza, Benedictus de","Philosophy",778,-0.449794796170647,0.101517872207471,3,6,5,1,0,5,2,0,0,0,4,0
"779","975","Ethics — Part 5","Spinoza, Benedictus de","Philosophy",779,-0.374309591186899,-0.172945044939102,6,6,6,8,1,9,3,0,0,0,4,2
"780","975","Ethics — Part 5","Spinoza, Benedictus de","Philosophy",780,0,0,0,0,0,0,0,0,0,0,0,0,0,0
"781","975","Ethics — Part 5","Spinoza, Benedictus de","Philosophy",781,0,0,0,0,0,0,0,0,0,0,0,0,0,0
"782","975","Ethics — Part 5","Spinoza, Benedictus de","Philosophy",782,-0.431291367848997,-0.147915465025439,1,7,2,2,0,3,3,0,0,0,4,2
"783","975","Ethics — Part 5","Spinoza, Benedictus de","Philosophy",783,-0.377821872974064,-0.177914137319752,0,2,1,2,0,0,1,0,0,0,1,0
"784","975","Ethics — Part 5","Spinoza, Benedictus de","Philosophy",784,0,0,0,0,0,0,0,0,0,0,0,0,0,0
"785","975","Ethics — Part 5","Spinoza, Benedictus de","Philosophy",785,-0.327326282715341,0.246954471620054,2,5,1,1,0,2,1,0,0,0,0,0
"786","975","Ethics — Part 5","Spinoza, Benedictus de","Philosophy",786,0,0,0,0,0,0,0,0,0,0,0,0,0,0
"787","975","Ethics — Part 5","Spinoza, Benedictus de","Philosophy",787,0,0,0,2,0,0,0,0,0,0,0,0,0,0
"788","975","Ethics — Part 5","Spinoza, Benedictus de","Philosophy",788,-0.05573108755816,-0.0586443974016586,0,1,1,2,0,0,0,0,0,1,0,0
"789","975","Ethics — Part 5","Spinoza, Benedictus de","Philosophy",789,-0.431291367848997,-0.147915465025439,3,6,4,2,0,3,1,0,0,0,5,1
"790","975","Ethics — Part 5","Spinoza, Benedictus de","Philosophy",790,-0.431291367848997,-0.147915465025439,2,6,1,6,0,2,3,0,0,0,2,4
"791","975","Ethics — Part 5","Spinoza, Benedictus de","Philosophy",791,-0.431291367848997,-0.147915465025439,3,4,2,2,0,3,2,0,0,0,2,1
"792","975","Ethics — Part 5","Spinoza, Benedictus de","Philosophy",792,0,0,0,0,0,0,0,0,0,0,0,0,0,0
"793","975","Ethics — Part 5","Spinoza, Benedictus de","Philosophy",793,0,0,0,0,0,0,0,0,0,0,0,0,0,0
"794","975","Ethics — Part 5","Spinoza, Benedictus de","Philosophy",794,0,0,0,0,0,0,0,0,0,0,0,0,0,0
"795","975","Ethics — Part 5","Spinoza, Benedictus de","Philosophy",795,0,0,0,0,0,0,0,0,0,0,0,0,0,0
"796","975","Ethics — Part 5","Spinoza, Benedictus de","Philosophy",796,-0.327326282715341,0.246954471620054,2,2,1,2,0,1,1,0,0,0,0,0
"797","975","Ethics — Part 5","Spinoza, Benedictus de","Philosophy",797,-0.374309591186899,-0.172945044939102,2,7,4,2,1,5,3,0,0,0,6,2
"798","975","Ethics — Part 5","Spinoza, Benedictus de","Philosophy",798,-0.431291367848997,-0.147915465025439,5,16,11,2,0,9,6,0,0,0,9,3
"799","975","Ethics — Part 5","Spinoza, Benedictus de","Philosophy",799,-0.374309591186899,-0.172945044939102,7,13,10,1,1,9,2,0,0,0,6,3
"800","975","Ethics — Part 5","Spinoza, Benedictus de","Philosophy",800,-0.374309591186899,-0.172945044939102,5,9,9,9,1,9,8,0,0,0,8,6
"801","975","Ethics — Part 5","Spinoza, Benedictus de","Philosophy",801,0,0,0,0,0,0,0,0,0,0,0,0,0,0
"802","975","Ethics — Part 5","Spinoza, Benedictus de","Philosophy",802,0,0,0,0,0,0,0,0,0,0,0,0,0,0
"803","975","Ethics — Part 5","Spinoza, Benedictus de","Philosophy",803,-0.454840443375005,-0.134449627355382,1,10,0,1,0,1,3,0,0,0,7,2
"804","975","Ethics — Part 5","Spinoza, Benedictus de","Philosophy",804,0,0,0,0,0,0,0,0,0,0,0,0,0,0
"805","975","Ethics — Part 5","Spinoza, Benedictus de","Philosophy",805,-0.092236134143371,0.0464092056641308,0,2,2,0,1,2,1,0,0,0,0,0
"806","975","Ethics — Part 5","Spinoza, Benedictus de","Philosophy",806,-0.449794796170647,0.101517872207471,1,5,1,1,0,2,1,0,0,0,1,0
"807","975","Ethics — Part 5","Spinoza, Benedictus de","Philosophy",807,0,0,0,0,0,0,0,0,0,0,0,0,0,0
"808","975","Ethics — Part 5","Spinoza, Benedictus de","Philosophy",808,-0.425026139286041,0.264703429032989,1,0,1,0,0,0,0,0,0,0,0,0
"809","975","Ethics — Part 5","Spinoza, Benedictus de","Philosophy",809,0,0,0,1,0,0,0,0,0,0,0,0,0,0
"810","975","Ethics — Part 5","Spinoza, Benedictus de","Philosophy",810,-0.327326282715341,0.246954471620054,2,2,1,2,0,2,3,0,0,0,0,0
"811","975","Ethics — Part 5","Spinoza, Benedictus de","Philosophy",811,0,0,0,0,0,0,0,0,0,0,0,0,0,0
"812","975","Ethics — Part 5","Spinoza, Benedictus de","Philosophy",812,-0.261677853881075,-0.250770096084124,0,1,0,0,0,0,1,0,0,0,2,0
"813","975","Ethics — Part 5","Spinoza, Benedictus de","Philosophy",813,-0.441253193021706,0.0248377657797791,1,1,0,1,0,0,1,0,0,0,1,0
"814","975","Ethics — Part 5","Spinoza, Benedictus de","Philosophy",814,-0.449794796170647,0.101517872207471,3,6,2,2,0,3,2,0,0,0,1,0
"815","975","Ethics — Part 5","Spinoza, Benedictus de","Philosophy",815,-0.314100589083681,-0.971360906952626,0,0,0,0,0,0,2,0,0,0,0,1
"816","975","Ethics — Part 5","Spinoza, Benedictus de","Philosophy",816,0,0,0,0,0,0,0,0,0,0,0,0,0,0
"817","975","Ethics — Part 5","Spinoza, Benedictus de","Philosophy",817,-0.480352622337932,0.158800239028023,2,3,0,1,0,1,2,0,0,0,1,0
"818","975","Ethics — Part 5","Spinoza, Benedictus de","Philosophy",818,-0.449794796170647,0.101517872207471,5,10,2,1,0,4,3,0,0,0,3,0
"819","975","Ethics — Part 5","Spinoza, Benedictus de","Philosophy",819,-0.366131734847411,-0.149800592858762,4,10,5,1,0,5,1,0,0,1,6,3
"820","975","Ethics — Part 5","Spinoza, Benedictus de","Philosophy",820,0,0,0,0,0,0,0,0,0,0,0,0,0,0
"821","975","Ethics — Part 5","Spinoza, Benedictus de","Philosophy",821,0,0,0,0,0,0,0,0,0,0,0,0,0,0
"822","975","Ethics — Part 5","Spinoza, Benedictus de","Philosophy",822,0,0,0,0,0,0,0,0,0,0,0,0,0,0
"823","975","Ethics — Part 5","Spinoza, Benedictus de","Philosophy",823,0,0,0,0,0,0,0,0,0,0,0,0,0,0
"824","975","Ethics — Part 5","Spinoza, Benedictus de","Philosophy",824,-0.39690036011289,0.130896432666458,4,5,5,0,0,1,0,0,0,0,2,0
"825","975","Ethics — Part 5","Spinoza, Benedictus de","Philosophy",825,-0.449794796170647,0.101517872207471,2,5,2,3,0,1,2,0,0,0,4,0
"826","975","Ethics — Part 5","Spinoza, Benedictus de","Philosophy",826,-0.383377368885581,0.0421804276504867,2,7,6,4,1,11,3,0,0,0,4,0
"827","975","Ethics — Part 5","Spinoza, Benedictus de","Philosophy",827,-0.374309591186899,-0.172945044939102,3,6,4,6,1,10,4,0,0,0,3,1
"828","975","Ethics — Part 5","Spinoza, Benedictus de","Philosophy",828,-0.431291367848997,-0.147915465025439,2,2,5,2,0,2,2,0,0,0,3,1
"829","975","Ethics — Part 5","Spinoza, Benedictus de","Philosophy",829,-0.583376571659389,-0.570216787303934,0,0,2,1,0,0,3,0,0,0,2,1
"830","975","Ethics — Part 5","Spinoza, Benedictus de","Philosophy",830,-0.431291367848997,-0.147915465025439,2,5,2,6,0,4,9,0,0,0,4,2
"831","975","Ethics — Part 5","Spinoza, Benedictus de","Philosophy",831,-0.0920924845532669,0.282468013761633,0,2,0,0,0,1,1,0,0,0,0,0
